user_pseudo_id,recency_days,frequency,monetary_value,recency_score,frequency_score,monetary_score,customer_segment
81036435.1157569602,49,1,1530.0,3,2,5,Need Attention
15046526.4562004600,32,3,1424.0,4,5,5,Champions
8083450.3844124226,48,11,1404.0,4,5,5,Champions
60695124.4742262801,53,5,1260.0,3,5,5,Loyal Customers
7134559299.4601048201,13,1,1200.0,5,3,5,Potential Loyalists
12306432.7939489449,80,1,1170.0,1,4,5,Loyal Customers
5645225.6917653454,47,5,1121.0,4,5,5,Champions
78221431.2724111930,33,2,1049.0,4,5,5,Champions
51248671.8133898155,91,1,998.0,1,2,5,Hibernating
12291446.3815334458,73,7,976.0,1,5,5,Loyal Customers
41474740.1017155695,72,2,904.0,1,5,5,Loyal Customers
2566418.5535518831,18,1,865.0,5,2,5,Potential Loyalists
5113443.5387152232,32,2,858.0,4,5,5,Champions
99387700.1672480666,55,2,817.0,3,5,5,Loyal Customers
39388951.3688006674,67,1,806.0,2,1,5,Hibernating
10295267.8818269139,89,6,794.0,1,5,5,Loyal Customers
2278219.0388083386,49,1,784.0,3,3,5,Need Attention
3833171.6184728360,56,2,771.0,3,5,5,Loyal Customers
71706603.2631255790,68,12,768.0,2,5,5,Loyal Customers
1621120.1060958458,46,2,758.0,4,5,5,Champions
4484520.5210961028,45,13,752.0,4,5,5,Champions
63177378.7681474242,63,4,744.0,2,5,5,Loyal Customers
1033085.6917088117,42,1,712.0,4,1,5,Need Attention
7019543.7153257093,74,4,708.0,1,5,5,Loyal Customers
2768703.4866675938,69,2,704.0,2,5,5,Loyal Customers
1532927.6404323781,47,1,683.0,4,4,5,Champions
13141816.1294900403,73,2,680.0,1,5,5,Loyal Customers
26064119.0281069258,73,2,678.0,1,5,5,Loyal Customers
41025522.7163055341,52,2,676.0,3,5,5,Loyal Customers
6822684.1627482502,56,1,671.0,3,3,5,Need Attention
88827381.9303945281,28,3,669.0,4,5,5,Champions
40810614.6993876384,40,1,656.0,4,1,5,Need Attention
30220372.7620678894,73,2,646.0,1,5,5,Loyal Customers
33534334.2982237665,70,2,618.0,2,5,5,Loyal Customers
87100826.2061583108,82,1,605.0,1,3,5,At Risk
5766379.6658996628,47,1,600.0,4,1,5,Need Attention
48879002.2084859201,68,1,588.0,2,3,5,At Risk
2167403.7906456200,42,2,580.0,4,5,5,Champions
37930099.3763917539,52,1,576.0,3,3,5,Need Attention
7285756326.1533513847,71,2,570.0,1,5,5,Loyal Customers
2049470.1567030647,48,7,565.0,3,5,5,Loyal Customers
18210686.3272655150,54,1,551.0,3,1,5,Need Attention
63264809.7446857295,53,16,544.0,3,5,5,Loyal Customers
78499362.4704274874,69,2,540.0,2,5,5,Loyal Customers
25363504.9539525923,49,8,536.0,3,5,5,Loyal Customers
1279990.2790569705,76,2,532.0,1,5,5,Loyal Customers
11276007.4623855146,40,2,529.0,4,5,5,Champions
27071010.1715411752,48,1,525.0,4,4,5,Champions
79509844.1081277926,53,9,522.0,3,5,5,Loyal Customers
3938933.9449134391,65,1,522.0,2,3,5,At Risk
50054690.0206427992,53,1,518.0,3,3,5,Need Attention
2808102.2330574481,50,5,517.0,3,5,5,Loyal Customers
3883375.8924071243,52,2,517.0,3,5,5,Loyal Customers
45732822.6958771748,75,1,514.0,1,4,5,Loyal Customers
8156646657.1507119761,73,2,508.0,1,5,5,Loyal Customers
97950097.5837353470,45,5,491.0,4,5,5,Champions
54019036.7189560758,70,2,490.0,2,5,5,Loyal Customers
51608821.0291355400,76,2,490.0,1,5,5,Loyal Customers
8635951.7155332526,7,6,484.0,5,5,5,Champions
84288512.1820202145,53,1,484.0,3,3,5,Need Attention
2095299.8404862362,11,10,483.0,5,5,5,Champions
89140417.9002672475,33,1,480.0,4,2,5,Potential Loyalists
28202253.7064162636,54,3,478.0,3,5,5,Loyal Customers
38970589.1095437937,75,1,477.0,1,1,5,Hibernating
35710256.3477753994,68,1,474.0,2,1,5,Hibernating
2660071.6760619641,62,4,466.0,2,5,5,Loyal Customers
11495471.0749512812,56,2,465.0,3,5,5,Loyal Customers
5373799.6097004022,44,3,462.0,4,5,5,Champions
91694984.1982284598,71,4,461.0,1,5,5,Loyal Customers
53406211.8724008214,25,2,460.0,4,5,5,Champions
47567788.3779803485,70,12,456.0,1,5,5,Loyal Customers
1482564.3987701428,89,3,453.0,1,5,5,Loyal Customers
5637710.4936907752,74,4,452.0,1,5,5,Loyal Customers
1440737.0883647632,87,9,450.0,1,5,5,Loyal Customers
2972042.1160295830,62,1,449.0,2,1,5,Hibernating
43678268.2433515488,54,1,446.0,3,2,5,Need Attention
7680193331.8740202405,63,1,443.0,2,2,5,Hibernating
80921507.1393350408,73,5,438.0,1,5,5,Loyal Customers
5002058.4107238120,54,2,437.0,3,5,5,Loyal Customers
7634543.7021985089,42,4,431.0,4,5,5,Champions
87666696.5302025907,53,3,427.0,3,5,5,Loyal Customers
30675676.3150878065,73,2,424.0,1,5,5,Loyal Customers
67242982.0432343274,47,3,423.0,4,5,5,Champions
1415699.2356865981,50,3,416.0,3,5,5,Loyal Customers
4376619.9958221943,85,2,408.0,1,5,5,Loyal Customers
80208775.3915875119,49,5,406.0,3,5,5,Loyal Customers
25335187.2299023217,55,2,405.0,3,5,5,Loyal Customers
3099934.0263391283,55,1,404.0,3,1,5,Need Attention
8822878673.4974906772,4,6,398.0,5,5,5,Champions
9431683.5830577678,69,2,396.0,2,5,5,Loyal Customers
72275845.1755516158,11,1,395.0,5,3,5,Potential Loyalists
2275313.5266564172,56,1,394.0,3,3,5,Need Attention
58881820.3673642140,62,2,393.0,2,5,5,Loyal Customers
5299488.0522490006,81,3,390.0,1,5,5,Loyal Customers
1793657.4173240079,55,1,386.0,3,1,5,Need Attention
32820105.2111076078,70,2,386.0,2,5,5,Loyal Customers
9073224.2742948399,55,2,384.0,3,5,5,Loyal Customers
13756133.7762491194,39,3,384.0,4,5,5,Champions
36794743.0115266107,69,2,384.0,2,5,5,Loyal Customers
3327202.0943712796,63,5,378.0,2,5,5,Loyal Customers
73714607.3371536902,65,1,377.0,2,1,5,Hibernating
31556860.5592810420,59,2,376.0,2,5,5,Loyal Customers
3175490.8020123919,54,1,376.0,3,3,5,Need Attention
39602761.4128729087,46,3,376.0,4,5,5,Champions
40953348.8523432987,53,1,375.0,3,3,5,Need Attention
3381037907.7217581644,61,2,374.0,2,5,5,Loyal Customers
59283995.2508616440,66,2,374.0,2,5,5,Loyal Customers
70274582.7964868916,72,2,370.0,1,5,5,Loyal Customers
59150872.6355994877,52,3,365.0,3,5,5,Loyal Customers
7479349.1949480609,11,1,364.0,5,1,5,Need Attention
5244179.4867323211,45,1,362.0,4,1,5,Need Attention
44080603.5651121314,54,1,361.0,3,2,5,Need Attention
1663781.3078124746,56,2,361.0,3,5,5,Loyal Customers
81834479.5125091790,80,2,359.0,1,5,5,Loyal Customers
6449198.2526522279,9,1,355.0,5,1,5,Need Attention
38420537.7216639441,73,2,354.0,1,5,5,Loyal Customers
5945718.9383173023,79,1,354.0,1,1,5,Hibernating
3018471.2187154322,34,4,354.0,4,5,5,Champions
53709875.3635794172,90,2,353.0,1,5,5,Loyal Customers
3282203.4038192177,71,2,352.0,1,5,5,Loyal Customers
4570994.5660099908,48,2,351.0,3,5,5,Loyal Customers
34715004.0442654743,40,6,350.0,4,5,5,Champions
3518681.5571822382,10,1,347.0,5,2,5,Potential Loyalists
74208315.1089315761,53,1,345.0,3,4,5,Loyal Customers
8673800.8985723616,50,1,342.0,3,3,5,Need Attention
85305313.7561330759,30,1,341.0,4,4,5,Champions
81335886.8473727587,74,2,336.0,1,5,5,Loyal Customers
31825674.2113685011,63,3,336.0,2,5,5,Loyal Customers
3578162.0623899917,54,3,331.0,3,5,5,Loyal Customers
8579252.3506286297,70,2,330.0,1,5,5,Loyal Customers
57471045.2261985947,59,1,326.0,2,2,5,Hibernating
49288108.7792907743,77,1,325.0,1,3,5,At Risk
16291219.8111422394,57,2,325.0,3,5,5,Loyal Customers
55194119.6469234549,53,3,325.0,3,5,5,Loyal Customers
7722668.2787414860,47,1,324.0,4,1,5,Need Attention
27314189.0356814830,59,2,323.0,2,5,5,Loyal Customers
6488582.8788491425,72,2,322.0,1,5,5,Loyal Customers
4819495.8466668365,23,3,322.0,4,5,5,Champions
28624446.9980540301,59,2,322.0,2,5,5,Loyal Customers
71563215.6886463640,40,2,320.0,4,5,5,Champions
3122197.9178413688,51,1,320.0,3,1,5,Need Attention
3414474.3739440974,41,2,318.0,4,5,5,Champions
7254379.8573622074,64,4,318.0,2,5,5,Loyal Customers
44208623.4340317802,82,3,317.0,1,5,5,Loyal Customers
73427198.7537900210,43,1,314.0,4,3,5,Potential Loyalists
3159757.1355046671,51,1,314.0,3,2,5,Need Attention
2541331.2931528712,83,1,311.0,1,2,5,Hibernating
5579434.4769739748,58,1,307.0,2,1,5,Hibernating
3216886.8311598059,63,1,305.0,2,3,5,At Risk
5558273.2492198100,76,1,305.0,1,1,5,Hibernating
66036121.7799299870,49,1,305.0,3,4,5,Loyal Customers
1160488.2375923167,31,1,305.0,4,2,5,Potential Loyalists
2608462.0797346127,62,7,304.0,2,5,5,Loyal Customers
2992162.7816495834,65,3,300.0,2,5,5,Loyal Customers
40652857.6013892710,8,1,300.0,5,2,5,Potential Loyalists
8305679.2059616518,68,1,299.0,2,2,5,Hibernating
48981361.3028514075,83,1,299.0,1,4,5,Loyal Customers
7221347.4127394632,49,3,298.0,3,5,5,Loyal Customers
9134268.2677185739,72,2,298.0,1,5,5,Loyal Customers
64451489.6117020616,66,1,298.0,2,2,5,Hibernating
57065333.7001768225,26,2,295.0,4,5,5,Champions
25633378.1133836718,35,1,294.0,4,1,5,Need Attention
73497675.9720954301,11,3,294.0,5,5,5,Champions
2897030438.4111142859,85,1,292.0,1,2,5,Hibernating
5084920.8860557208,52,1,292.0,3,2,5,Need Attention
6488580233.2228683836,47,1,291.0,4,2,5,Potential Loyalists
1561271.7182118121,71,2,290.0,1,5,5,Loyal Customers
8626343.9684026120,51,3,288.0,3,5,5,Loyal Customers
33234318.3224761950,48,1,287.0,3,2,5,Need Attention
5310177.6035821276,59,2,287.0,2,5,5,Loyal Customers
6445892.8785219212,73,2,284.0,1,5,5,Loyal Customers
48159916.2278332378,47,4,284.0,4,5,5,Champions
5607144.6246327246,73,2,284.0,1,5,5,Loyal Customers
62921407.7385261228,43,1,282.0,4,3,5,Potential Loyalists
2355616.9460032382,69,1,280.0,2,1,5,Hibernating
12545442.9053678590,7,11,280.0,5,5,5,Champions
65608889.8290462049,90,1,279.0,1,2,5,Hibernating
17092913.6445812691,9,2,278.0,5,5,5,Champions
33519070.9701128272,59,1,278.0,2,3,5,At Risk
1245203.1205410719,40,4,277.0,4,5,5,Champions
64681465.6816600292,5,3,277.0,5,5,5,Champions
5305452.1871311002,52,2,277.0,3,5,5,Loyal Customers
38139183.3747160528,14,1,276.0,5,4,5,Champions
98020186.6825178467,63,2,274.0,2,5,5,Loyal Customers
3041494.0908353891,42,3,272.0,4,5,5,Champions
34566418.3175234997,49,1,272.0,3,1,5,Need Attention
23188793.3504076068,85,1,272.0,1,1,5,Hibernating
1164842.6741102569,62,1,271.0,2,3,5,At Risk
42744232.1088543265,56,9,270.0,3,5,5,Loyal Customers
86226481.4357835444,47,9,270.0,4,5,5,Champions
2314652.7895916826,65,1,270.0,2,4,5,Loyal Customers
1605564.2171778452,41,3,268.0,4,5,5,Champions
80825724.4005939752,67,1,266.0,2,2,5,Hibernating
7064082.7860041455,12,1,266.0,5,2,5,Potential Loyalists
39816785.0776255763,68,2,266.0,2,5,5,Loyal Customers
6513698.9723353874,69,2,266.0,2,5,5,Loyal Customers
56795799.9574176777,88,1,265.0,1,1,5,Hibernating
72967154.2008054722,74,2,264.0,1,5,5,Loyal Customers
34490273.5966302679,69,6,264.0,2,5,5,Loyal Customers
32190182.0699794389,55,1,263.0,3,2,5,Need Attention
44948793.1646090451,78,1,262.0,1,2,5,Hibernating
52336592.9891124820,58,1,262.0,3,3,5,Need Attention
8263478975.0153803823,73,2,260.0,1,5,5,Loyal Customers
83739349.8729103328,65,2,259.0,2,5,5,Loyal Customers
63829798.3654577693,60,1,258.0,2,3,5,At Risk
58104072.2659495100,56,5,257.0,3,5,5,Loyal Customers
4663569.8394119852,52,2,257.0,3,5,5,Loyal Customers
3327716.6139481359,67,3,257.0,2,5,5,Loyal Customers
5175868.5309206965,46,1,256.0,4,1,5,Need Attention
75294747.2712173356,69,4,256.0,2,5,5,Loyal Customers
6643240028.3907368685,53,2,255.0,3,5,5,Loyal Customers
68441141.3197623367,62,2,254.0,2,5,5,Loyal Customers
63837285.4662582710,55,1,253.0,3,3,5,Need Attention
7275494.7811178530,46,3,252.0,4,5,5,Champions
84534898.7989426950,44,6,252.0,4,5,5,Champions
4707239.1008432127,40,5,252.0,4,5,5,Champions
79437846.7966348856,45,2,251.0,4,5,5,Champions
3046093.2167709173,50,5,249.0,3,5,5,Loyal Customers
3231609.9615457151,57,2,249.0,3,5,5,Loyal Customers
26822369.2318540291,62,2,249.0,2,5,5,Loyal Customers
5820525.4112921353,69,1,248.0,2,3,5,At Risk
5370675.2157971187,76,1,247.0,1,2,5,Hibernating
8278411.7423220409,52,4,246.0,3,5,5,Loyal Customers
7305312.0773204883,72,4,246.0,1,5,5,Loyal Customers
8889945.3857316896,49,1,246.0,3,1,5,Need Attention
78710713.2392067740,70,2,246.0,2,5,5,Loyal Customers
41904644.7032979505,69,2,246.0,2,5,5,Loyal Customers
32985797.1699921045,53,1,245.0,3,4,5,Loyal Customers
6006118.2429897577,63,1,245.0,2,2,5,Hibernating
39049984.4198737878,5,4,243.0,5,5,5,Champions
50546952.1039923649,64,1,243.0,2,2,5,Hibernating
92422851.0520335541,48,1,242.0,3,3,5,Need Attention
51216998.9738761037,48,1,242.0,4,1,5,Need Attention
4116825.4321746815,46,8,240.0,4,5,5,Champions
5039183135.2699720432,72,2,240.0,1,5,5,Loyal Customers
2251343.9552099455,34,1,240.0,4,3,5,Potential Loyalists
74016002.6019650209,80,3,240.0,1,5,5,Loyal Customers
48482961.7353796273,26,1,240.0,4,4,5,Champions
3402018.0291081671,74,2,240.0,1,5,5,Loyal Customers
70587803.9229757124,52,4,239.0,3,5,5,Loyal Customers
28916400.9213822241,9,1,239.0,5,1,5,Need Attention
9101213.9063728582,64,1,239.0,2,2,5,Hibernating
58404409.8347902611,71,2,238.0,1,5,5,Loyal Customers
27754794.4046505931,69,2,238.0,2,5,5,Loyal Customers
3310339.4446432370,59,1,237.0,2,2,5,Hibernating
84636323.8110704850,46,1,237.0,4,2,5,Potential Loyalists
22222567.3132315095,73,2,236.0,1,5,5,Loyal Customers
78331614.5702890138,8,1,236.0,5,3,5,Potential Loyalists
5776696.8626570449,58,2,236.0,2,5,5,Loyal Customers
1534773.3101496826,91,2,236.0,1,5,5,Loyal Customers
14319429.3848600934,85,1,235.0,1,1,5,Hibernating
6266986.5618192324,65,2,235.0,2,5,5,Loyal Customers
79305784.7623717578,89,13,234.0,1,5,5,Loyal Customers
7688722.6706829800,13,4,233.0,5,5,5,Champions
79260143.2564567739,64,1,233.0,2,2,5,Hibernating
49068184.0131644651,70,2,232.0,1,5,5,Loyal Customers
6556724.6722841168,66,2,232.0,2,5,5,Loyal Customers
7534419.7933326516,77,1,231.0,1,4,5,Loyal Customers
1624875.9469354174,68,1,231.0,2,4,5,Loyal Customers
47512557.1077158577,51,1,231.0,3,1,5,Need Attention
6801200.8968241705,52,4,231.0,3,5,5,Loyal Customers
5516326.8444687928,12,1,230.0,5,1,5,Need Attention
3435332.1615492469,71,2,230.0,1,5,5,Loyal Customers
27683683.6299831306,54,2,229.0,3,5,5,Loyal Customers
4976040.5511752417,54,1,228.0,3,4,5,Loyal Customers
12916310.0404298738,50,1,227.0,3,1,5,Need Attention
7193125.5982849186,64,1,226.0,2,1,5,Hibernating
6961058.7244207405,66,1,226.0,2,3,5,At Risk
14763691.5596383469,66,3,225.0,2,5,5,Loyal Customers
2819497.0596567487,37,2,225.0,4,5,5,Champions
3365134.0673833488,46,3,225.0,4,5,5,Champions
2321760.0432411967,59,3,225.0,2,5,5,Loyal Customers
2563148.0852215497,9,1,224.0,5,4,5,Champions
28750238.4461447574,86,1,224.0,1,4,5,Loyal Customers
38120148.2885726823,56,1,223.0,3,4,5,Loyal Customers
17453487.1522301419,57,2,223.0,3,5,5,Loyal Customers
3188737051.8836428627,76,2,223.0,1,5,5,Loyal Customers
74351856.8000104870,51,1,223.0,3,1,5,Need Attention
19173235.3605594670,13,4,222.0,5,5,5,Champions
29271335.8588196561,24,1,221.0,4,2,5,Potential Loyalists
1395824.1622992884,63,1,220.0,2,2,5,Hibernating
7771300.1338167684,66,3,219.0,2,5,5,Loyal Customers
7748359.5667737603,47,1,219.0,4,4,5,Champions
53887436.1726083498,90,1,219.0,1,4,5,Loyal Customers
4231038.0723891741,54,3,219.0,3,5,5,Loyal Customers
7453835.7513761923,73,3,218.0,1,5,5,Loyal Customers
6195712.5561534807,54,3,218.0,3,5,5,Loyal Customers
45408917.7275708611,65,1,218.0,2,4,5,Loyal Customers
53769790.5488226810,45,2,217.0,4,5,5,Champions
24207018.3974015161,29,1,217.0,4,5,5,Champions
40919582.2188794043,48,1,216.0,4,2,5,Potential Loyalists
3291666.2185697988,41,1,216.0,4,2,5,Potential Loyalists
8354945.6306403663,59,3,216.0,2,5,5,Loyal Customers
58603767.6719650157,63,1,216.0,2,1,5,Hibernating
7477637.2776014049,20,3,216.0,5,5,5,Champions
5312155.7410092259,61,5,214.0,2,5,5,Loyal Customers
32328904.6840270281,77,1,214.0,1,4,5,Loyal Customers
3630058.7076110762,22,1,214.0,5,2,5,Potential Loyalists
80102056.6809389391,49,2,214.0,3,5,5,Loyal Customers
30859745.1125051499,13,1,214.0,5,1,5,Need Attention
82604808.5833749347,47,1,214.0,4,3,5,Potential Loyalists
11509726.0727055406,49,2,213.0,3,5,5,Loyal Customers
1026932.0858862293,55,4,213.0,3,5,5,Loyal Customers
87326376.7596593080,91,1,212.0,1,4,5,Loyal Customers
8337415.6051453076,51,3,212.0,3,5,5,Loyal Customers
61577291.2144566004,73,2,212.0,1,5,5,Loyal Customers
27701936.3565936806,77,1,211.0,1,3,5,At Risk
47515634.0452819199,61,1,211.0,2,1,5,Hibernating
8859594.9308619893,34,1,210.0,4,4,5,Champions
1393292.7340025556,67,2,210.0,2,5,5,Loyal Customers
81632350.4358345762,46,7,210.0,4,5,5,Champions
88361744.4940705869,64,1,210.0,2,3,5,At Risk
7228563.7799869763,10,2,210.0,5,5,5,Champions
11174427.4523965634,76,1,209.0,1,2,5,Hibernating
4229717.4815659011,8,1,209.0,5,3,5,Potential Loyalists
73478648.4870101641,36,2,208.0,4,5,5,Champions
7125962.1798454198,56,1,208.0,3,1,5,Need Attention
5579251.3024079662,65,1,208.0,2,4,5,Loyal Customers
1317256.8451359656,74,2,208.0,1,5,5,Loyal Customers
1063363.8922941272,20,1,208.0,5,1,5,Need Attention
62041179.6162419229,47,1,207.0,4,3,5,Potential Loyalists
6596516.5623513414,11,2,207.0,5,5,5,Champions
7750159.6505312378,52,5,207.0,3,5,5,Loyal Customers
3529297.9210463119,85,1,206.0,1,3,5,At Risk
6044369.0763862711,70,2,206.0,1,5,5,Loyal Customers
42583182.3977693374,24,1,205.0,4,2,5,Potential Loyalists
66572919.0070303795,69,2,204.0,2,5,5,Loyal Customers
39049092.9395215156,54,6,204.0,3,5,5,Loyal Customers
54535436.2028528496,70,4,204.0,2,5,5,Loyal Customers
12411444.0410367159,55,1,204.0,3,3,5,Need Attention
7242688.0843867208,47,3,204.0,4,5,5,Champions
1961021.4251862365,63,1,203.0,2,3,5,At Risk
71773191.3267798855,40,1,203.0,4,3,5,Potential Loyalists
70285128.0156104398,20,1,202.0,5,4,5,Champions
5674547.8008141064,60,3,202.0,2,5,5,Loyal Customers
1874599.7824854030,44,2,200.0,4,5,5,Champions
53379384.0448742187,83,1,200.0,1,4,5,Loyal Customers
5898251.1308942779,46,7,200.0,4,5,5,Champions
7147579.2005144402,66,1,199.0,2,2,5,Hibernating
6034317.4561707953,53,1,199.0,3,3,5,Need Attention
70532365.4711674582,87,1,199.0,1,1,5,Hibernating
51605325.8215613948,56,3,199.0,3,5,5,Loyal Customers
1486195554.5255114980,46,3,198.0,4,5,5,Champions
2011898130.9354861717,18,3,198.0,5,5,5,Champions
34267479.4710386287,48,3,198.0,4,5,5,Champions
6628033917.0193794826,74,4,198.0,1,5,5,Loyal Customers
3135759.6931516852,77,1,198.0,1,1,5,Hibernating
2448440.0955846512,63,1,198.0,2,1,5,Hibernating
40725997.7080496130,52,3,197.0,3,5,5,Loyal Customers
6652977.1027873844,76,4,197.0,1,5,5,Loyal Customers
44822468.0260411018,57,1,197.0,3,1,5,Need Attention
8156015.0433362204,46,2,196.0,4,5,5,Champions
78113847.9152616369,70,2,196.0,2,5,5,Loyal Customers
2766869.1150503520,7,1,194.0,5,2,5,Potential Loyalists
66897566.4482598405,3,3,194.0,5,5,5,Champions
47320569.5663739973,46,1,194.0,4,4,5,Champions
54134313.7729355877,58,1,194.0,2,2,5,Hibernating
2765238449.6586996303,69,2,194.0,2,5,5,Loyal Customers
5584543.6745627539,70,2,194.0,1,5,5,Loyal Customers
5561956.8525640382,74,2,194.0,1,5,5,Loyal Customers
59655965.0647426255,50,2,194.0,3,5,5,Loyal Customers
76219348.8581271685,63,1,194.0,2,4,5,Loyal Customers
35949966.2815169272,85,1,193.0,1,4,5,Loyal Customers
12852776.3686074468,45,1,193.0,4,2,5,Potential Loyalists
65671033.8875667472,66,2,192.0,2,5,5,Loyal Customers
31434781.7401740396,45,1,192.0,4,3,5,Potential Loyalists
90732736.8391346787,67,1,192.0,2,2,5,Hibernating
40419717.4317588714,91,1,192.0,1,1,5,Hibernating
628363132.9737513033,44,1,191.0,4,3,5,Potential Loyalists
8224884.5817385201,63,1,191.0,2,3,5,At Risk
8631746.0136342760,46,1,191.0,4,1,5,Need Attention
72114424.5827774039,56,2,191.0,3,5,5,Loyal Customers
6456054.7140086813,11,1,190.0,5,1,5,Need Attention
1983361950.0406778458,53,1,190.0,3,1,5,Need Attention
9162399.0802989525,63,1,189.0,2,3,5,At Risk
8816916.6059271167,6,2,189.0,5,5,5,Champions
36342934.1053894040,75,3,189.0,1,5,5,Loyal Customers
84868240.4309852777,76,2,189.0,1,5,5,Loyal Customers
12174342.2198928658,66,1,189.0,2,2,5,Hibernating
86949711.6238778520,45,7,189.0,4,5,5,Champions
80123648.0068941500,68,1,188.0,2,1,5,Hibernating
9067917.4467737421,41,2,188.0,4,5,5,Champions
7252675.9081491443,66,1,188.0,2,4,5,Loyal Customers
40215313.8233626662,58,1,188.0,3,4,5,Loyal Customers
49777952.2680869968,76,1,188.0,1,4,5,Loyal Customers
70013731.5220508342,76,6,188.0,1,5,5,Loyal Customers
8504426.1216196705,87,2,188.0,1,5,5,Loyal Customers
4958713.6586294189,69,1,188.0,2,3,5,At Risk
86816051.5538787911,51,2,187.0,3,5,5,Loyal Customers
6578204.1614469741,16,2,186.0,5,5,5,Champions
7446712.2726872272,80,3,186.0,1,5,5,Loyal Customers
2543812.1952863671,54,1,185.0,3,1,5,Need Attention
1645066.3355511314,51,2,185.0,3,5,5,Loyal Customers
6414647.4737074407,52,2,185.0,3,5,5,Loyal Customers
80606681.4991751112,62,1,185.0,2,1,5,Hibernating
1822000.8128019496,66,1,185.0,2,2,5,Hibernating
68044065.2390765612,64,1,185.0,2,3,5,At Risk
4022774245.7650545822,50,2,185.0,3,5,5,Loyal Customers
49129255.3105543415,68,1,185.0,2,2,5,Hibernating
62739166.8660781806,45,1,184.0,4,4,5,Champions
13889156.1708430041,81,1,184.0,1,2,5,Hibernating
1593060.9903989741,47,1,184.0,4,5,5,Champions
7150186.6926554484,75,2,184.0,1,5,5,Loyal Customers
1685178.0670336190,40,3,184.0,4,5,5,Champions
84647660.6681637188,30,1,183.0,4,4,5,Champions
2994751.6580189667,42,1,183.0,4,4,5,Champions
2418457.6264805451,32,3,183.0,4,5,5,Champions
1014825.0200289249,90,1,183.0,1,4,5,Loyal Customers
65347516.5438714743,82,1,182.0,1,4,5,Loyal Customers
5401870.8880744857,58,1,182.0,2,1,5,Hibernating
3519862.5500955315,8,2,182.0,5,5,5,Champions
57810963.2944308437,62,1,182.0,2,2,5,Hibernating
7191442.1007439176,7,1,182.0,5,2,5,Potential Loyalists
30015563.8542768971,49,1,181.0,3,4,5,Loyal Customers
71216083.8823170998,66,1,181.0,2,2,5,Hibernating
77283283.8065996514,54,3,180.0,3,5,5,Loyal Customers
51153409.8050128631,49,2,180.0,3,5,5,Loyal Customers
3949544.2182643123,26,3,180.0,4,5,5,Champions
7307937.9736138181,53,1,180.0,3,3,5,Need Attention
64740644.1898496568,42,1,179.0,4,4,5,Champions
6533788.3267075710,50,3,179.0,3,5,5,Loyal Customers
74576246.9093845667,61,2,179.0,2,5,5,Loyal Customers
77805852.6832906360,47,3,179.0,4,5,5,Champions
5795144.5608491958,71,4,178.0,1,5,5,Loyal Customers
56346352.5809156833,54,1,178.0,3,1,5,Need Attention
88890409.0907454901,69,2,178.0,2,5,5,Loyal Customers
5542571.2196139050,53,1,178.0,3,2,5,Need Attention
36739590.6951379629,54,1,178.0,3,3,5,Need Attention
1470110.5021681506,68,1,178.0,2,3,5,At Risk
81824760.1222124625,84,1,177.0,1,1,5,Hibernating
37354985.1803131889,55,1,177.0,3,2,5,Need Attention
2272379.8750640009,59,1,177.0,2,4,5,Loyal Customers
8729822.7526838334,39,3,177.0,4,5,5,Champions
8735747.5391513797,19,3,177.0,5,5,5,Champions
5028681.2169404320,52,1,177.0,3,1,5,Need Attention
49763131.6438442163,54,1,177.0,3,1,5,Need Attention
33063796.1679893984,54,1,176.0,3,2,5,Need Attention
6072463.1803217592,68,1,176.0,2,1,5,Hibernating
30956870.6460404440,58,3,176.0,2,5,5,Loyal Customers
85089615.0421191291,46,1,176.0,4,1,5,Need Attention
13965501.3079306644,68,2,176.0,2,5,5,Loyal Customers
8086948.1354933724,55,1,176.0,3,2,5,Need Attention
3432659.9858672821,76,2,176.0,1,5,5,Loyal Customers
75611414.7949596702,73,2,176.0,1,5,5,Loyal Customers
4425556.0061611363,51,1,176.0,3,1,5,Need Attention
53168426.9247441890,49,1,176.0,3,5,5,Loyal Customers
40103327.3649897811,52,1,176.0,3,4,5,Loyal Customers
6134557.2662121134,75,1,176.0,1,4,5,Loyal Customers
1525779.2780994637,91,1,175.0,1,1,5,Hibernating
7487454.9043521164,63,1,175.0,2,3,5,At Risk
26218636.4439892320,56,1,175.0,3,1,5,Need Attention
9209938.5004119512,52,2,175.0,3,5,5,Loyal Customers
68179423.3220502588,45,1,175.0,4,3,5,Potential Loyalists
6176511.0161757198,53,1,175.0,3,4,5,Loyal Customers
17829165.8694191080,53,1,175.0,3,2,5,Need Attention
7670494.0367304220,45,2,174.0,4,5,5,Champions
45465207.4943375965,21,2,174.0,5,5,5,Champions
2526035958.7467790703,48,1,174.0,4,1,5,Need Attention
3030394.7459625087,78,1,174.0,1,2,5,Hibernating
23631351.0257452991,54,1,174.0,3,3,5,Need Attention
3211830.1153763654,63,1,174.0,2,3,5,At Risk
32903632.0574579540,76,1,174.0,1,2,5,Hibernating
1817516.7864464285,49,1,174.0,3,4,5,Loyal Customers
3698543.6654155044,52,2,173.0,3,5,5,Loyal Customers
1052855.9145777052,17,2,173.0,5,5,5,Champions
4070503.9473605760,53,1,173.0,3,3,5,Need Attention
4553520.4581207598,19,1,173.0,5,3,5,Potential Loyalists
28635254.0781084583,10,1,173.0,5,3,5,Potential Loyalists
64212254.2445190855,12,1,173.0,5,1,5,Need Attention
70870420.8943424184,56,1,172.0,3,1,5,Need Attention
7770092.5618500764,69,1,172.0,2,2,5,Hibernating
766583098.5979816085,55,2,172.0,3,5,5,Loyal Customers
3855098781.8871500534,86,2,171.0,1,5,5,Loyal Customers
3198843.0611848527,47,1,171.0,4,3,5,Potential Loyalists
76356424.0978454972,75,2,170.0,1,5,5,Loyal Customers
7128823.1776740707,91,1,170.0,1,1,5,Hibernating
62091849.9050525976,56,1,170.0,3,1,5,Need Attention
35699842.0182681912,48,1,169.0,4,3,5,Potential Loyalists
79964492.7086086150,77,2,169.0,1,5,5,Loyal Customers
2420798.4492731250,10,1,169.0,5,4,5,Champions
67522359.2848039358,81,1,169.0,1,4,5,Loyal Customers
2211286.4172337240,69,2,169.0,2,5,5,Loyal Customers
2701051.6884497528,54,1,168.0,3,2,5,Need Attention
8204448.9073098218,81,1,168.0,1,1,5,Hibernating
44356964.3056281867,55,1,168.0,3,1,5,Need Attention
4537449.6402312251,5,1,168.0,5,1,5,Need Attention
24164594.4598368539,73,2,168.0,1,5,5,Loyal Customers
22941144.0166280987,44,2,168.0,4,5,5,Champions
69784832.7107601315,58,7,168.0,2,5,5,Loyal Customers
71698975.4988844497,10,2,168.0,5,5,5,Champions
8839256339.1323107592,55,1,167.0,3,3,5,Need Attention
7644155580.3915602822,70,4,167.0,1,5,5,Loyal Customers
4325314.4909952472,65,1,167.0,2,1,5,Hibernating
50183692.6751135595,47,1,167.0,4,3,5,Potential Loyalists
61145313.5871571070,62,2,166.0,2,5,5,Loyal Customers
6359627.3798772018,18,2,166.0,5,5,5,Champions
4951824232.2987874402,54,1,166.0,3,3,5,Need Attention
2317598.9209464204,55,2,166.0,3,5,5,Loyal Customers
65163016.2468447960,46,1,166.0,4,3,5,Potential Loyalists
8376952.2180638236,12,1,166.0,5,2,5,Potential Loyalists
5889305.1596594172,69,1,166.0,2,2,5,Hibernating
1773468.6321288380,35,1,166.0,4,4,5,Champions
10945077.7212556025,55,1,166.0,3,1,5,Need Attention
72273077.0200111080,52,2,166.0,3,5,5,Loyal Customers
7709361184.1393664585,55,1,166.0,3,1,5,Need Attention
2042749.4699501738,82,1,165.0,1,3,5,At Risk
43259288.5905790888,54,3,165.0,3,5,5,Loyal Customers
12152291.1519358530,65,1,165.0,2,1,5,Hibernating
3644566278.6602625320,54,4,164.0,3,5,5,Loyal Customers
68062973.3734091414,54,1,164.0,3,2,5,Need Attention
41509908.7423660369,17,1,164.0,5,4,5,Champions
8366314228.9854739652,47,1,164.0,4,4,5,Champions
78606650.1679620782,58,1,163.0,3,3,5,Need Attention
3036743.2199967879,52,1,163.0,3,2,5,Need Attention
5232022.2769052718,54,1,163.0,3,1,5,Need Attention
1594874.6106636037,11,1,162.0,5,4,5,Champions
26336473.4191490468,12,1,162.0,5,4,5,Champions
4142001.1259803751,81,1,162.0,1,4,5,Loyal Customers
5320068.3830223799,33,1,162.0,4,1,5,Need Attention
92228801.7371633756,40,1,162.0,4,1,5,Need Attention
80435974.9462183494,30,1,162.0,4,1,5,Need Attention
43435921.9728597976,91,1,162.0,1,1,5,Hibernating
57328124.6848846028,80,2,162.0,1,5,5,Loyal Customers
2569739.8101031899,7,1,162.0,5,3,5,Potential Loyalists
84232431.7456081587,41,2,162.0,4,5,5,Champions
63378233.4846691578,53,1,161.0,3,4,5,Loyal Customers
46252928.2409079037,59,1,160.0,2,2,5,Hibernating
8421611.9716301302,63,1,160.0,2,2,5,Hibernating
6112176882.5497379571,70,2,160.0,2,5,5,Loyal Customers
26661028.3315613037,58,2,160.0,3,5,5,Loyal Customers
38940697.0285959050,41,1,160.0,4,4,5,Champions
88483035.1457878746,56,1,159.0,3,3,5,Need Attention
5973523.5114607466,68,1,159.0,2,2,5,Hibernating
9957205.7975202648,53,1,159.0,3,4,5,Loyal Customers
27576412.5755687425,64,1,159.0,2,4,5,Loyal Customers
80120305.1144725890,53,1,159.0,3,4,5,Loyal Customers
82552229.9514417843,33,1,158.0,4,2,5,Potential Loyalists
18938448.3710776022,77,2,158.0,1,5,5,Loyal Customers
2385181.0293493711,14,1,158.0,5,2,5,Potential Loyalists
5786172.1537126919,35,2,158.0,4,5,5,Champions
56575397.8153659749,69,2,158.0,2,5,5,Loyal Customers
3064545.2019467351,7,1,157.0,5,4,5,Champions
91518233.2791103693,91,2,157.0,1,5,5,Loyal Customers
35064550.9410834862,47,1,157.0,4,1,5,Need Attention
8846705.8896018235,52,2,157.0,3,5,5,Loyal Customers
18383544.6572002162,65,1,157.0,2,4,5,Loyal Customers
77549456.4000160007,69,2,156.0,2,5,5,Loyal Customers
87464267.0084919923,74,2,156.0,1,5,5,Loyal Customers
5409431.3869554427,50,1,156.0,3,3,5,Need Attention
10172849.5375293351,54,1,156.0,3,3,5,Need Attention
38579036.9404376300,20,8,156.0,5,5,5,Champions
74275572.8018336190,58,1,156.0,3,1,5,Need Attention
6567766382.8954640880,69,1,156.0,2,5,5,Loyal Customers
40957384.9471332754,25,2,155.0,4,5,5,Champions
6070906.8817356972,18,2,155.0,5,5,5,Champions
66118688.0355028155,59,1,155.0,2,4,5,Loyal Customers
4267777.0729523939,51,1,155.0,3,1,5,Need Attention
3167058.8718002822,57,1,155.0,3,3,5,Need Attention
43930190.6916774543,76,1,154.0,1,2,5,Hibernating
8321172.7493780280,6,2,154.0,5,5,5,Champions
66888229.7531203853,56,1,154.0,3,1,5,Need Attention
7652255.0101230871,70,2,154.0,1,5,5,Loyal Customers
1236268.2863374901,69,1,153.0,2,3,5,At Risk
1306542.3194160764,23,1,153.0,4,1,5,Need Attention
3953783.0019328064,26,1,153.0,4,4,5,Champions
61926936.5478907982,39,1,153.0,4,2,5,Potential Loyalists
34613058.0872685890,45,1,152.0,4,2,5,Potential Loyalists
52083507.8774663935,72,2,152.0,1,5,5,Loyal Customers
77461948.4804221368,73,2,152.0,1,5,5,Loyal Customers
6698358.4948359155,67,1,152.0,2,3,5,At Risk
91274512.0451281678,55,1,152.0,3,2,5,Need Attention
66209749.3358798510,67,1,152.0,2,3,5,At Risk
6564796.1290041020,81,1,152.0,1,4,5,Loyal Customers
18637647.0398129287,32,1,152.0,4,2,5,Potential Loyalists
5805017.6522131594,79,2,152.0,1,5,5,Loyal Customers
13654113.8966730613,76,1,151.0,1,1,5,Hibernating
79224794.0908623273,50,1,151.0,3,2,5,Need Attention
79168059.5419491216,81,1,151.0,1,4,5,Loyal Customers
2357215.0639934221,65,1,150.0,2,3,5,At Risk
1678004.9029250603,33,2,150.0,4,5,5,Champions
6962813.9978021110,47,1,150.0,4,3,5,Potential Loyalists
2345616688.3567836901,52,3,150.0,3,5,5,Loyal Customers
76553297.6424575211,64,1,150.0,2,2,5,Hibernating
75571709.1157982540,28,2,149.0,4,5,5,Champions
8843133.1891118007,48,1,149.0,4,4,5,Champions
7912653.2370373847,20,3,149.0,5,5,5,Champions
68642235.5457535999,20,1,149.0,5,2,5,Potential Loyalists
14271346.9604620566,66,1,149.0,2,3,5,At Risk
49774767.6772681723,85,1,149.0,1,2,5,Hibernating
35482474.3482133405,60,1,149.0,2,5,5,Loyal Customers
79579853.0520588965,51,2,149.0,3,5,5,Loyal Customers
7905430175.6891710704,69,2,148.0,2,5,5,Loyal Customers
16040805.0993914136,9,1,148.0,5,1,5,Need Attention
3392018.9796964611,80,4,148.0,1,5,5,Loyal Customers
5161034.1094954200,54,1,148.0,3,1,5,Need Attention
26146640.6553848001,68,1,147.0,2,4,5,Loyal Customers
27529375.1021066476,56,1,147.0,3,1,5,Need Attention
4591821.3573843022,50,1,147.0,3,3,5,Need Attention
53418806.5482216471,45,3,147.0,4,5,5,Champions
7132082.9139478677,52,2,146.0,3,5,5,Loyal Customers
52926719.9136345792,37,1,146.0,4,1,5,Need Attention
3118737.2160667978,61,1,146.0,2,4,5,Loyal Customers
11446993.7876701936,79,1,146.0,1,2,5,Hibernating
6253211.3885054572,16,1,146.0,5,4,5,Champions
1112480.2331977019,65,2,146.0,2,5,5,Loyal Customers
53469191.6312753520,80,1,145.0,1,1,5,Hibernating
20672792.1203830043,58,1,145.0,3,1,5,Need Attention
74343631.1384953092,88,1,145.0,1,1,5,Hibernating
3375496.0648813714,59,1,145.0,2,3,5,At Risk
91641252.7325140111,63,1,145.0,2,3,5,At Risk
13846928.7700463041,42,1,145.0,4,1,5,Need Attention
1197596.6971314265,80,2,144.0,1,5,5,Loyal Customers
17723870.8339931689,6,1,144.0,5,4,5,Champions
56162479.7328415035,75,1,144.0,1,2,5,Hibernating
2873862.9309388718,63,3,144.0,2,5,5,Loyal Customers
34971587.2279395517,14,1,144.0,5,4,5,Champions
1226476.1714273543,86,1,144.0,1,3,5,At Risk
1416421.5108958042,62,3,144.0,2,5,5,Loyal Customers
36269808.1408960379,51,1,144.0,3,4,5,Loyal Customers
5050584.3771338630,63,3,144.0,2,5,5,Loyal Customers
40361521.9277379246,35,1,144.0,4,1,5,Need Attention
49793755.7550891425,54,2,143.0,3,5,5,Loyal Customers
58442179.0715020466,40,2,143.0,4,5,5,Champions
2861916.5058017546,80,1,143.0,1,4,5,Loyal Customers
41721597.7658078053,64,1,143.0,2,2,5,Hibernating
73143977.4968623389,5,2,143.0,5,5,5,Champions
38597663.4917826189,69,2,142.0,2,5,5,Loyal Customers
72449605.4329856695,71,2,142.0,1,5,5,Loyal Customers
80394414.5185177426,69,2,142.0,2,5,5,Loyal Customers
6672635860.5383572535,73,2,142.0,1,5,5,Loyal Customers
4042858.3888779946,69,2,142.0,2,5,5,Loyal Customers
8575512403.1238544800,75,1,142.0,1,3,5,At Risk
49204088.5414438728,54,1,142.0,3,4,5,Loyal Customers
29930506.5218532120,40,1,142.0,4,4,5,Champions
53550354.6354713181,31,1,142.0,4,4,5,Champions
69465148.8614142616,89,1,141.0,1,2,5,Hibernating
42669696.4294515505,63,1,141.0,2,4,5,Loyal Customers
5762284.1219633284,58,1,141.0,2,2,5,Hibernating
70483620.3788783066,12,1,141.0,5,3,5,Potential Loyalists
51622008.5857082333,90,1,141.0,1,4,5,Loyal Customers
45452162.3941392032,47,1,141.0,4,2,5,Potential Loyalists
43925286.2421542089,47,1,141.0,4,1,5,Need Attention
24730584.3649999643,7,1,141.0,5,2,5,Potential Loyalists
20875971.1554451473,68,1,141.0,2,1,5,Hibernating
90441331.9685487571,70,2,140.0,2,5,5,Loyal Customers
1318733.0567000195,57,1,140.0,3,3,5,Need Attention
2651197.1532552824,18,2,140.0,5,5,5,Champions
5237164.5029724872,52,1,140.0,3,4,5,Loyal Customers
8043833.5057848398,59,3,140.0,2,5,5,Loyal Customers
1043539.2747159846,46,6,140.0,4,5,5,Champions
18977884.9487126016,72,2,140.0,1,5,5,Loyal Customers
3526931.3784502135,72,3,140.0,1,5,5,Loyal Customers
86939274.9526508063,21,2,140.0,5,5,5,Champions
7195744.3597932803,52,1,140.0,3,2,5,Need Attention
6486077.9466352381,8,1,140.0,5,1,5,Need Attention
46234784.3243120445,59,1,139.0,2,3,5,At Risk
1674464967.3081069850,86,1,139.0,1,4,5,Loyal Customers
27563953.0157833669,66,1,139.0,2,3,5,At Risk
757260624.2638708963,10,1,139.0,5,2,5,Potential Loyalists
7836037.1182313637,63,1,139.0,2,5,5,Loyal Customers
12910025.9027187436,16,1,139.0,5,3,5,Potential Loyalists
82318647.2923735234,54,1,139.0,3,1,5,Need Attention
90997370.5306849276,50,2,139.0,3,5,5,Loyal Customers
5054587697.5012997199,86,1,139.0,1,3,5,At Risk
31733645.3711323316,53,1,138.0,3,4,5,Loyal Customers
5086084.2046303089,58,1,138.0,2,1,5,Hibernating
6243779.7009501752,87,1,138.0,1,3,5,At Risk
9963542.3978980993,53,2,138.0,3,5,5,Loyal Customers
59148831.3216183453,61,1,138.0,2,2,5,Hibernating
47356565.2696944170,60,2,138.0,2,5,5,Loyal Customers
8316881.1639820242,32,1,138.0,4,2,5,Potential Loyalists
70707207.7999405769,47,1,137.0,4,3,5,Potential Loyalists
90038379.9838021098,53,1,137.0,3,1,5,Need Attention
53104811.8176614311,31,1,137.0,4,3,5,Potential Loyalists
4551285.5053498474,53,1,136.0,3,4,5,Loyal Customers
52565912.2309852051,73,2,136.0,1,5,5,Loyal Customers
7816881.7527763245,47,2,136.0,4,5,5,Champions
59495950.2019580073,53,1,136.0,3,4,5,Loyal Customers
8694256.3821330797,65,1,136.0,2,2,5,Hibernating
1158637.0383647084,23,2,136.0,4,5,5,Champions
3430324.0837067291,40,1,136.0,4,3,5,Potential Loyalists
3807582.7673594726,82,1,136.0,1,3,5,At Risk
6476625.4953512502,63,2,136.0,2,5,5,Loyal Customers
3823171539.6208242596,58,1,136.0,2,4,5,Loyal Customers
84389355.3658704825,12,2,135.0,5,5,5,Champions
83387184.5649814185,10,1,135.0,5,4,5,Champions
72350469.7974540341,39,1,135.0,4,3,5,Potential Loyalists
79556001.9340338986,65,1,135.0,2,1,5,Hibernating
65136379.8546335808,80,1,135.0,1,2,5,Hibernating
59649348.4836960943,66,1,135.0,2,4,5,Loyal Customers
5297765.6768178190,54,3,135.0,3,5,5,Loyal Customers
20578333.9348490845,86,1,135.0,1,2,5,Hibernating
27091777.7996598878,71,2,134.0,1,5,5,Loyal Customers
3232207.0128565897,87,2,134.0,1,5,5,Loyal Customers
33563436.3777012158,58,1,134.0,3,4,5,Loyal Customers
31220521.2000170274,57,1,134.0,3,4,5,Loyal Customers
28250200.9798495385,63,1,134.0,2,2,5,Hibernating
65961107.4750713729,59,1,133.0,2,1,5,Hibernating
5485119.4778259275,56,1,133.0,3,3,5,Need Attention
4208419.3477986827,81,2,133.0,1,5,5,Loyal Customers
6654192.1493839069,49,1,133.0,3,1,5,Need Attention
64797298.8608140430,79,1,133.0,1,2,5,Hibernating
25712283.2548580985,27,1,133.0,4,3,5,Potential Loyalists
18614512.0976220226,68,1,133.0,2,4,5,Loyal Customers
3452874.7364832626,19,1,133.0,5,3,5,Potential Loyalists
56981615.2873969327,70,2,132.0,2,5,5,Loyal Customers
80399793.1335226221,18,1,132.0,5,4,5,Champions
3691687.9126020150,12,3,132.0,5,5,5,Champions
19635531.2112455317,13,1,132.0,5,4,5,Champions
8404511.3408596525,81,1,132.0,1,4,5,Loyal Customers
2605468.7128696165,26,3,132.0,4,5,5,Champions
41179206.8501474127,44,1,132.0,4,4,5,Champions
1344816.6034452793,64,1,131.0,2,4,5,Loyal Customers
4182254.4394955103,16,2,131.0,5,5,5,Champions
3318051.7234216422,66,1,131.0,2,4,5,Loyal Customers
8536857.0920789613,44,3,131.0,4,5,5,Champions
50805440.8488066824,22,1,131.0,5,1,5,Need Attention
17360922.4174805251,63,1,130.0,2,4,5,Loyal Customers
91838502.5897605942,12,2,130.0,5,5,5,Champions
5461037.2897084087,69,1,130.0,2,3,5,At Risk
89580065.9315532719,10,1,130.0,5,3,5,Potential Loyalists
57985307.5936727130,24,2,130.0,4,5,5,Champions
61090488.9613703457,12,1,130.0,5,1,5,Need Attention
484269874.9639805856,90,1,130.0,1,1,5,Hibernating
77977792.0191527366,91,2,130.0,1,5,5,Loyal Customers
60670652.1232989037,69,2,130.0,2,5,5,Loyal Customers
5785039890.6302489421,50,1,129.0,3,4,5,Loyal Customers
34001109.5893008660,78,1,129.0,1,4,5,Loyal Customers
60536675.2873170774,49,6,129.0,3,5,5,Loyal Customers
11244054.2177805414,47,1,129.0,4,1,5,Need Attention
11394862.3475151142,53,1,129.0,3,4,5,Loyal Customers
77029853.6267227104,36,1,129.0,4,3,5,Potential Loyalists
5050331.6599537444,76,1,129.0,1,4,5,Loyal Customers
33154801.3376023064,59,1,129.0,2,4,5,Loyal Customers
52477754.7563467825,85,1,128.0,1,2,5,Hibernating
7687394.8608023492,21,2,128.0,5,5,5,Champions
84275494.2228487521,87,1,128.0,1,1,5,Hibernating
61389953.5535318141,27,1,128.0,4,4,5,Champions
11064650.6068648711,73,2,128.0,1,5,5,Loyal Customers
57488087.0786303417,36,1,128.0,4,3,5,Potential Loyalists
2013582.5721733859,52,1,128.0,3,1,5,Need Attention
1052482.1904194731,72,2,128.0,1,5,5,Loyal Customers
3562946.9800700991,57,1,128.0,3,1,5,Need Attention
25845532.1613251814,45,1,128.0,4,3,5,Potential Loyalists
46727904.9693724828,66,2,128.0,2,5,5,Loyal Customers
5216629.5530468973,70,2,128.0,2,5,5,Loyal Customers
34302730.6446909649,54,1,128.0,3,1,5,Need Attention
7337320.6099359731,86,1,128.0,1,4,5,Loyal Customers
75946438.5225154555,84,2,127.0,1,5,5,Loyal Customers
8435794.6872177111,54,2,127.0,3,5,5,Loyal Customers
46883960.6190957761,79,1,127.0,1,2,5,Hibernating
8206027.9597648346,77,1,127.0,1,4,5,Loyal Customers
3048029.9624473822,51,1,127.0,3,4,5,Loyal Customers
59487571.9263599382,17,2,127.0,5,5,5,Champions
3158904.4798196476,76,1,126.0,1,3,5,At Risk
97619147.3055572166,76,2,126.0,1,5,5,Loyal Customers
84804701.0609767420,77,1,126.0,1,2,5,Hibernating
3292684.9252653864,52,1,126.0,3,3,5,Need Attention
59373032.3991187304,48,1,126.0,4,1,5,Need Attention
7970363.0321929359,66,1,126.0,2,3,5,At Risk
10828522.4098051399,69,2,126.0,2,5,5,Loyal Customers
3285600.5439399395,53,1,125.0,3,3,5,Need Attention
44468077.6188155771,66,1,125.0,2,2,5,Hibernating
20126758.6853719024,35,1,125.0,4,3,5,Potential Loyalists
34251015.3672526882,48,1,125.0,4,4,5,Champions
85265536.4138277437,42,1,124.0,4,4,5,Champions
29135809.8049828412,54,1,124.0,3,1,5,Need Attention
5706715.6852183826,38,2,124.0,4,5,5,Champions
7231269.9049300807,62,2,124.0,2,5,5,Loyal Customers
48713927.3135258219,54,2,124.0,3,5,5,Loyal Customers
74980629.0277968957,77,1,124.0,1,2,5,Hibernating
83961186.4892260627,54,3,124.0,3,5,5,Loyal Customers
55800996.4365989462,74,2,124.0,1,5,5,Loyal Customers
6670122091.4622753239,32,4,124.0,4,5,5,Champions
7387564.3877787270,60,4,124.0,2,5,5,Loyal Customers
6959572.6784709792,9,1,123.0,5,2,5,Potential Loyalists
39840608.0620243295,62,1,123.0,2,1,5,Hibernating
24561891.8214764170,89,4,123.0,1,5,5,Loyal Customers
6283343.2195449706,28,1,123.0,4,3,5,Potential Loyalists
4314741588.8945045155,12,1,122.0,5,3,5,Potential Loyalists
88461236.7556243582,12,1,122.0,5,4,5,Champions
70663679.7784057941,14,1,122.0,5,3,5,Potential Loyalists
4113793.0930728956,48,2,122.0,3,5,5,Loyal Customers
7560154.8773295578,68,2,122.0,2,5,5,Loyal Customers
85169862.5219568589,77,1,122.0,1,2,5,Hibernating
16639018.6975919705,87,1,122.0,1,2,5,Hibernating
50264907.6315911120,48,6,122.0,4,5,5,Champions
15197708.0307731265,58,1,122.0,3,4,5,Loyal Customers
3277099.1544751335,62,1,122.0,2,4,5,Loyal Customers
25657754.5389902004,77,1,122.0,1,2,5,Hibernating
40346918.5536032263,76,2,121.0,1,5,5,Loyal Customers
67555647.7819115338,82,1,121.0,1,3,5,At Risk
7991866.1378276681,65,1,120.0,2,3,5,At Risk
27849359.1629027567,59,2,120.0,2,5,5,Loyal Customers
80975437.6451700615,75,2,120.0,1,5,5,Loyal Customers
81324083.4482184297,90,1,120.0,1,3,5,At Risk
4895144.7355741616,88,1,120.0,1,2,5,Hibernating
8214299.2030521634,39,1,120.0,4,3,5,Potential Loyalists
22973713.0783608415,81,1,120.0,1,2,5,Hibernating
8670634.2015391312,55,1,120.0,3,3,5,Need Attention
52443149.1275754542,62,1,120.0,2,2,5,Hibernating
46146978.5100846398,37,1,120.0,4,1,5,Need Attention
7905299837.6949942550,92,1,120.0,1,4,5,Loyal Customers
76769290.7382777741,54,1,120.0,3,2,5,Need Attention
53675399.0091092182,56,5,120.0,3,5,5,Loyal Customers
77358157.4999153196,10,1,120.0,5,4,5,Champions
22758259.7142181160,6,1,119.0,5,3,5,Potential Loyalists
7798879.3207627147,79,2,119.0,1,5,5,Loyal Customers
2583761.2257677610,56,1,119.0,3,3,5,Need Attention
4202240.1647915108,62,1,119.0,2,1,5,Hibernating
4064709.6809185036,66,1,119.0,2,2,5,Hibernating
6159964.0799849753,58,1,119.0,2,1,5,Hibernating
65605548.5393118078,82,1,119.0,1,1,5,Hibernating
1542029.2179112950,12,1,118.0,5,3,5,Potential Loyalists
1881053.8413916911,51,2,118.0,3,5,5,Loyal Customers
43627350.3807676886,37,3,118.0,4,5,5,Champions
3970244.0843404011,75,1,118.0,1,2,5,Hibernating
38310647.6108465759,49,2,118.0,3,5,5,Loyal Customers
8322894.0493055351,52,1,118.0,3,3,5,Need Attention
8254867.3099797240,49,1,118.0,3,2,5,Need Attention
8156121.2108613531,73,2,118.0,1,5,5,Loyal Customers
6315084.4680304987,22,2,118.0,5,5,5,Champions
37320008.3341117417,51,1,118.0,3,2,5,Need Attention
45237746.5667441680,6,2,118.0,5,5,5,Champions
6098526.5113266309,57,1,118.0,3,1,5,Need Attention
61103004.4108922855,53,1,117.0,3,1,5,Need Attention
5762277.1115500664,17,1,117.0,5,2,5,Potential Loyalists
14670836.5443476050,12,2,117.0,5,5,5,Champions
1832855.2035957845,63,2,117.0,2,5,5,Loyal Customers
8273908566.5473390997,51,1,117.0,3,1,5,Need Attention
46104581.7287269838,19,2,117.0,5,5,5,Champions
58977276.9949987633,35,1,117.0,4,3,5,Potential Loyalists
63582954.2006378969,77,1,117.0,1,2,5,Hibernating
2989708.3724659137,19,1,116.0,5,1,5,Need Attention
37295810.5629224960,73,2,116.0,1,5,5,Loyal Customers
88765980.1821355206,53,2,116.0,3,5,5,Loyal Customers
5060718.9596565990,63,1,116.0,2,3,5,At Risk
6472499.9883959963,73,2,116.0,1,5,5,Loyal Customers
70978143.1630428206,80,1,116.0,1,3,5,At Risk
2241964.8178177438,63,1,116.0,2,2,5,Hibernating
26869413.1979446467,74,2,116.0,1,5,5,Loyal Customers
4571300.1430687449,18,3,116.0,5,5,5,Champions
3511087.0079764455,52,1,116.0,3,4,5,Loyal Customers
55484597.5078975459,90,1,116.0,1,3,5,At Risk
12344534.0893063989,75,1,115.0,1,1,5,Hibernating
4103364.9302246103,80,1,115.0,1,2,5,Hibernating
12509391.0991562676,26,1,115.0,4,2,5,Potential Loyalists
3086397.9583021338,48,2,115.0,4,5,5,Champions
7639123.9923154617,63,1,115.0,2,1,5,Hibernating
90544735.0149811314,24,2,115.0,4,5,5,Champions
4802635.2461442794,51,3,114.0,3,5,5,Loyal Customers
60299874.7541071764,61,2,114.0,2,5,5,Loyal Customers
40858438.6822938539,70,2,114.0,1,5,5,Loyal Customers
9116326.9159124025,56,2,114.0,3,5,5,Loyal Customers
29640692.9507522627,92,2,114.0,1,5,5,Loyal Customers
29066864.4014292306,47,2,114.0,4,5,5,Champions
29707188.6359473780,58,2,114.0,3,5,5,Loyal Customers
3962172.0133482614,12,1,114.0,5,2,5,Potential Loyalists
42675324.3658621899,52,1,114.0,3,2,5,Need Attention
8822912.1286128560,63,1,114.0,2,5,5,Loyal Customers
3385850.7952852405,54,1,114.0,3,3,5,Need Attention
31298789.9980288359,65,1,113.0,2,1,5,Hibernating
88556371.7879566968,3,2,113.0,5,5,5,Champions
74848554.8030271897,52,1,113.0,3,2,5,Need Attention
1647443.2667828920,12,1,113.0,5,1,5,Need Attention
3232772.8900017776,41,1,113.0,4,4,5,Champions
8245686.1133438238,78,2,113.0,1,5,5,Loyal Customers
2669656.5276416328,50,2,113.0,3,5,5,Loyal Customers
71260187.7819880287,24,1,113.0,4,2,5,Potential Loyalists
74723909.7241078259,10,1,112.0,5,3,4,Potential Loyalists
35315894.9355065326,65,2,112.0,2,5,4,Loyal Customers
61380061.8801193763,48,1,112.0,4,2,5,Potential Loyalists
68350783.9251558329,51,1,112.0,3,1,5,Need Attention
56116181.3729633377,11,1,112.0,5,2,5,Potential Loyalists
7307316.0360352296,45,2,112.0,4,5,5,Champions
82400392.9908324838,68,1,112.0,2,2,5,Hibernating
5502422.3790987476,25,1,112.0,4,2,5,Potential Loyalists
6354182.0340556014,11,2,112.0,5,5,5,Champions
2884152188.9848456767,8,2,112.0,5,5,5,Champions
81093232.4306802216,47,1,112.0,4,3,5,Potential Loyalists
9142790.6469687387,62,2,112.0,2,5,5,Loyal Customers
10731965.6220509788,46,4,112.0,4,5,5,Champions
23571881.8331615126,87,1,112.0,1,4,5,Loyal Customers
4651234.6787037490,46,3,112.0,4,5,4,Champions
3958686.6087309428,86,1,112.0,1,1,5,Hibernating
7580278.4231956908,70,2,112.0,1,5,5,Loyal Customers
5857016.5621861575,7,1,111.0,5,2,4,Potential Loyalists
5501418.9433200969,10,1,111.0,5,2,4,Potential Loyalists
26772644.3702713592,90,1,111.0,1,1,4,Hibernating
8363038.7011749668,76,1,111.0,1,2,4,Hibernating
67425241.5630895543,66,1,111.0,2,2,4,Hibernating
40303235.2410831956,13,1,111.0,5,4,4,Champions
52073744.5585474753,44,1,111.0,4,2,4,Potential Loyalists
2456393477.5274765122,74,1,111.0,1,5,4,Loyal Customers
77052125.0799530822,13,2,111.0,5,5,4,Champions
2003912.9760669661,64,1,111.0,2,4,4,Loyal Customers
1667033.4137815739,12,1,111.0,5,2,4,Potential Loyalists
79083189.5507574462,36,2,111.0,4,5,4,Champions
6095713.4538626752,41,1,111.0,4,4,4,Champions
12024949.0365738562,16,2,110.0,5,5,4,Champions
3195540.9332420628,82,1,110.0,1,2,4,Hibernating
79214612.7407451783,55,1,110.0,3,3,4,Need Attention
80398780.9551070781,54,1,110.0,3,2,4,Need Attention
39520514.9339206269,73,2,110.0,1,5,4,Loyal Customers
8974847.1466317161,56,2,110.0,3,5,4,Loyal Customers
1775013.3896127263,82,1,110.0,1,4,4,Loyal Customers
73347340.2924582017,52,2,110.0,3,5,4,Loyal Customers
9191614969.9586626915,39,2,110.0,4,5,4,Champions
3517925.3227970426,25,1,110.0,4,1,4,Need Attention
73424628.5901378284,70,2,110.0,1,5,4,Loyal Customers
19051578.9987004732,53,1,110.0,3,1,4,Need Attention
46637206.8022807630,12,1,110.0,5,2,4,Potential Loyalists
7200456.5207277827,87,1,110.0,1,1,4,Hibernating
18724686.8012593017,84,1,110.0,1,3,4,At Risk
59566070.4632667722,10,2,110.0,5,5,4,Champions
11100960.2667996478,54,4,110.0,3,5,4,Loyal Customers
2449114.2763043847,18,1,110.0,5,1,4,Need Attention
88818213.3581061218,67,1,110.0,2,2,4,Hibernating
1405049.6223660087,70,2,110.0,1,5,4,Loyal Customers
57237375.7708340805,12,1,109.0,5,1,4,Need Attention
18161607.9002799024,29,2,109.0,4,5,4,Champions
4318527027.1396086358,7,1,109.0,5,2,4,Potential Loyalists
3233712.0355007382,54,1,109.0,3,4,4,Loyal Customers
5027137.8356570660,65,1,109.0,2,1,4,Hibernating
7890615.0225530592,76,1,109.0,1,1,4,Hibernating
24524364.1326643374,55,2,109.0,3,5,4,Loyal Customers
5910494.8390942821,58,1,109.0,2,3,4,At Risk
7350209690.8160509403,49,1,109.0,3,1,4,Need Attention
70273900.3717271442,44,1,109.0,4,1,4,Need Attention
76814224.5351128373,10,1,109.0,5,4,4,Champions
4108803108.5870431970,55,2,109.0,3,5,4,Loyal Customers
12485307.5806877734,81,2,108.0,1,5,4,Loyal Customers
3388152.7416415006,48,2,108.0,4,5,4,Champions
5604587.3755072537,45,1,108.0,4,3,4,Potential Loyalists
55610405.6968910754,12,1,108.0,5,3,4,Potential Loyalists
3921417.7949867132,67,1,108.0,2,4,4,Loyal Customers
47705051.4543207032,54,2,108.0,3,5,4,Loyal Customers
63336637.2279943127,44,1,108.0,4,1,4,Need Attention
21188888.1287984736,46,1,108.0,4,2,4,Potential Loyalists
9030851.6893086314,47,2,108.0,4,5,4,Champions
37587826.1974136781,81,1,108.0,1,2,4,Hibernating
43139770.9421518497,75,2,108.0,1,5,4,Loyal Customers
60425733.9344537014,46,2,108.0,4,5,4,Champions
5173366.0437512460,74,2,108.0,1,5,4,Loyal Customers
83509896.1101407720,78,1,108.0,1,2,4,Hibernating
1162127.7258009994,48,1,108.0,4,1,4,Need Attention
31060017.1204528024,56,1,107.0,3,3,4,Need Attention
7340885.1733336620,63,1,107.0,2,2,4,Hibernating
50169177.1164239240,49,1,107.0,3,4,4,Loyal Customers
3194418462.2485419407,50,1,107.0,3,4,4,Loyal Customers
39124975.6115059812,12,1,107.0,5,2,4,Potential Loyalists
2582271.7133359448,83,1,106.0,1,2,4,Hibernating
9584008.2004173620,52,1,106.0,3,5,4,Loyal Customers
55570200.4023713914,53,1,106.0,3,1,4,Need Attention
44364780.4705811992,12,1,106.0,5,3,4,Potential Loyalists
57499982.4479614398,49,1,106.0,3,3,4,Need Attention
10489971.5323131165,36,1,106.0,4,2,4,Potential Loyalists
6474740.9832985685,71,2,106.0,1,5,4,Loyal Customers
19419805.4591946938,63,1,106.0,2,3,4,At Risk
6060121.4543960744,83,1,106.0,1,4,4,Loyal Customers
7528571.7813360805,8,1,106.0,5,4,4,Champions
88637248.0603138171,48,1,105.0,3,1,4,Need Attention
9222870.9095775010,18,1,105.0,5,1,4,Need Attention
77713003.6357610057,49,1,105.0,3,2,4,Need Attention
1056498.5939985013,18,3,105.0,5,5,4,Champions
6924972.3117240095,68,3,105.0,2,5,4,Loyal Customers
27815556.2090097227,11,1,105.0,5,3,4,Potential Loyalists
2546049.6626963713,55,1,105.0,3,4,4,Loyal Customers
8586642.3694137955,11,1,104.0,5,1,4,Need Attention
8700955.1584521806,83,1,104.0,1,4,4,Loyal Customers
87658194.9871546984,49,2,104.0,3,5,4,Loyal Customers
18564648.4162352916,52,1,104.0,3,2,4,Need Attention
33022310.8291424414,10,1,104.0,5,4,4,Champions
84089063.5523557782,51,2,104.0,3,5,4,Loyal Customers
1282829.2912367074,7,1,104.0,5,4,4,Champions
34044207.6843308841,85,1,104.0,1,1,4,Hibernating
46622969.7099107810,59,3,104.0,2,5,4,Loyal Customers
57062019.1930840950,75,1,104.0,1,3,4,At Risk
3952536.1153406582,67,1,104.0,2,2,4,Hibernating
55859279.1828704348,63,1,104.0,2,4,4,Loyal Customers
3589790.3119302179,54,1,104.0,3,2,4,Need Attention
7581292.6376201300,8,1,104.0,5,3,4,Potential Loyalists
1606543.9019935467,49,1,104.0,3,1,4,Need Attention
85787365.3279428435,13,1,104.0,5,4,4,Champions
9052157.9901549579,62,1,103.0,2,3,4,At Risk
9234069.4874293038,20,1,103.0,5,4,4,Champions
46220931.9485309955,17,2,103.0,5,5,4,Champions
5054327.7063932812,88,1,103.0,1,1,4,Hibernating
66436096.0118950287,52,1,103.0,3,1,4,Need Attention
71187662.8657925212,11,1,103.0,5,4,4,Champions
57966618.4492876538,49,5,103.0,3,5,4,Loyal Customers
8391087.6580778035,11,1,103.0,5,1,4,Need Attention
2298657.2118304279,66,2,103.0,2,5,4,Loyal Customers
4546674.9168389614,76,1,103.0,1,3,4,At Risk
2558174.5910644189,68,1,103.0,2,2,4,Hibernating
8014383.6761870521,12,1,103.0,5,2,4,Potential Loyalists
2380209.7776903294,9,1,102.0,5,2,4,Potential Loyalists
4181862.5710073931,27,3,102.0,4,5,4,Champions
2752308970.0692194532,52,1,102.0,3,1,4,Need Attention
3370196.0460875623,77,1,102.0,1,4,4,Loyal Customers
4366554.6078100134,46,3,102.0,4,5,4,Champions
28284205.9810024272,41,1,102.0,4,3,4,Potential Loyalists
1219636.7573278529,55,3,102.0,3,5,4,Loyal Customers
4594297.6618190263,80,1,102.0,1,3,4,At Risk
6382777.8321129293,51,1,102.0,3,1,4,Need Attention
7172054.6394028971,45,1,102.0,4,4,4,Champions
40812828.6666611837,10,1,102.0,5,1,4,Need Attention
5921104.7767059415,20,1,101.0,5,1,4,Need Attention
4729706.4715372333,82,1,101.0,1,3,4,At Risk
1706011.8461395358,63,3,101.0,2,5,4,Loyal Customers
77005687.4514013148,42,3,101.0,4,5,4,Champions
3006717593.4039698577,53,1,101.0,3,1,4,Need Attention
7011382.8362674713,53,1,101.0,3,2,4,Need Attention
3632663.7723787409,57,2,101.0,3,5,4,Loyal Customers
29035347.8015724334,79,1,101.0,1,3,4,At Risk
5049679269.2877748576,23,1,101.0,4,3,4,Potential Loyalists
4511811.3990598489,84,5,101.0,1,5,4,Loyal Customers
37409739.2479799624,46,1,100.0,4,1,4,Need Attention
32112446.4717494797,87,1,100.0,1,5,4,Loyal Customers
55689084.7063063065,9,1,100.0,5,3,4,Potential Loyalists
4006408.4191828877,65,1,100.0,2,3,4,At Risk
35711520.4643729521,19,1,100.0,5,2,4,Potential Loyalists
83157887.0994542092,60,1,100.0,2,1,4,Hibernating
8397059.8634946591,85,1,100.0,1,1,4,Hibernating
5736532689.1280896266,43,1,100.0,4,3,4,Potential Loyalists
1908131629.6568085434,80,1,100.0,1,4,4,Loyal Customers
78088542.4349978114,56,1,100.0,3,1,4,Need Attention
45440207.6630333190,63,1,100.0,2,2,4,Hibernating
4020386.8419933704,74,2,100.0,1,5,4,Loyal Customers
8292508.2728920265,72,2,100.0,1,5,4,Loyal Customers
1463210.0055216168,56,1,100.0,3,3,4,Need Attention
4789616.5651606218,74,2,100.0,1,5,4,Loyal Customers
8824479.1230645788,68,3,100.0,2,5,4,Loyal Customers
5051981.5649537648,47,1,100.0,4,4,4,Champions
65301301.6829526920,70,2,100.0,1,5,4,Loyal Customers
4225728.0151759118,59,2,100.0,2,5,4,Loyal Customers
7774428.3017818390,41,1,100.0,4,4,4,Champions
43204139.2810719032,21,1,99.0,5,1,4,Need Attention
9316296.6895701928,45,1,99.0,4,2,4,Potential Loyalists
2072888.9498118021,13,1,99.0,5,2,4,Potential Loyalists
63078466.0698615067,12,1,99.0,5,4,4,Champions
1326058.1494076845,51,1,99.0,3,1,4,Need Attention
1852882.2812416843,9,1,99.0,5,4,4,Champions
6149654.3757607604,5,3,99.0,5,5,4,Champions
4947085.9387818903,47,1,99.0,4,1,4,Need Attention
10941030.2175902271,63,1,99.0,2,4,4,Loyal Customers
34709963.4596640590,50,1,99.0,3,2,4,Need Attention
54227281.3443007793,10,1,99.0,5,3,4,Potential Loyalists
69692269.6324291600,63,1,99.0,2,2,4,Hibernating
20642408.1006700881,13,1,99.0,5,3,4,Potential Loyalists
50640660.9007425824,45,1,99.0,4,3,4,Potential Loyalists
2414029.4775008968,65,1,99.0,2,3,4,At Risk
30352177.4590717994,35,1,99.0,4,4,4,Champions
6574805.3436225086,45,1,99.0,4,3,4,Potential Loyalists
76261339.4275213567,62,1,99.0,2,3,4,At Risk
6952489.3805781228,53,1,99.0,3,2,4,Need Attention
80295776.0612534423,13,1,99.0,5,4,4,Champions
23329127.3308417947,39,1,99.0,4,3,4,Potential Loyalists
6853761656.0131222850,17,1,99.0,5,2,4,Potential Loyalists
64707869.9107693145,47,1,98.0,4,4,4,Champions
29836460.5039155988,67,1,98.0,2,5,4,Loyal Customers
4911454.7177220024,58,1,98.0,2,3,4,At Risk
7468279.0238776028,53,2,98.0,3,5,4,Loyal Customers
7531952.8659763808,76,1,98.0,1,4,4,Loyal Customers
52862856.2554999204,11,1,98.0,5,3,4,Potential Loyalists
18766586.3704506512,73,2,98.0,1,5,4,Loyal Customers
67504810.2599834553,7,2,98.0,5,5,4,Champions
4312288.1910940997,12,1,98.0,5,4,4,Champions
34976491.2114125776,77,1,98.0,1,3,4,At Risk
7028601.6018983018,76,1,98.0,1,3,4,At Risk
9202289.9931006292,34,1,98.0,4,1,4,Need Attention
6365977.5020097024,21,1,98.0,5,4,4,Champions
82769036.0910249611,7,1,98.0,5,3,4,Potential Loyalists
1396456.6482506733,69,1,98.0,2,3,4,At Risk
6494158.4167700899,10,1,98.0,5,4,4,Champions
28171746.6331452217,47,1,98.0,4,1,4,Need Attention
9397545.7933031135,72,2,98.0,1,5,4,Loyal Customers
3612440628.1896153694,6,1,98.0,5,1,4,Need Attention
1587754.2157731656,84,1,98.0,1,1,4,Hibernating
77589527.0276705370,11,1,98.0,5,3,4,Potential Loyalists
24051998.6799144387,47,1,98.0,4,2,4,Potential Loyalists
2065226.2712631797,16,1,98.0,5,2,4,Potential Loyalists
15492110.1286918774,80,2,98.0,1,5,4,Loyal Customers
63119766.2282574718,58,1,98.0,2,1,4,Hibernating
7461331.4499994836,80,2,97.0,1,5,4,Loyal Customers
18826010.1177085691,11,1,97.0,5,3,4,Potential Loyalists
68948805.5649073366,8,1,97.0,5,4,4,Champions
61281438.1815337540,81,1,97.0,1,2,4,Hibernating
78395480.3447267915,49,1,97.0,3,5,4,Loyal Customers
7327276.4790066181,62,1,97.0,2,3,4,At Risk
80052422.3313734927,67,1,97.0,2,3,4,At Risk
28108956.4390354387,47,3,97.0,4,5,4,Champions
69531375.3245954092,79,1,97.0,1,1,4,Hibernating
6961838.2919122157,79,1,97.0,1,3,4,At Risk
41521598.5143422341,50,1,97.0,3,4,4,Loyal Customers
28884221.1994535006,22,1,97.0,4,2,4,Potential Loyalists
3092987668.5257302601,52,2,97.0,3,5,4,Loyal Customers
23966515.1259247965,89,1,97.0,1,1,4,Hibernating
35563232.0919900786,54,2,97.0,3,5,4,Loyal Customers
1902955797.7515388048,75,2,96.0,1,5,4,Loyal Customers
3442489.8686924691,72,2,96.0,1,5,4,Loyal Customers
23412424.1031242780,81,1,96.0,1,2,4,Hibernating
38990438.1040760285,12,1,96.0,5,3,4,Potential Loyalists
27934793.9232963542,47,1,96.0,4,3,4,Potential Loyalists
8105555.2376937141,73,2,96.0,1,5,4,Loyal Customers
6775372.4463471076,61,3,96.0,2,5,4,Loyal Customers
66744288.9282795542,11,1,96.0,5,3,4,Potential Loyalists
1964254355.8801701025,62,1,96.0,2,2,4,Hibernating
5788753.6504747065,70,2,96.0,2,5,4,Loyal Customers
4186237.2268701556,45,1,96.0,4,4,4,Champions
7179770.4251022266,69,1,96.0,2,4,4,Loyal Customers
53311820.2795082545,89,1,96.0,1,4,4,Loyal Customers
6147800.2522240679,86,1,96.0,1,3,4,At Risk
6035403.0151268164,74,2,96.0,1,5,4,Loyal Customers
63900282.3363580230,69,2,96.0,2,5,4,Loyal Customers
91388989.2835941751,73,2,96.0,1,5,4,Loyal Customers
91266894.2688451102,40,4,96.0,4,5,4,Champions
2683899.4810834084,83,1,96.0,1,4,4,Loyal Customers
79677269.4180879894,78,1,96.0,1,4,4,Loyal Customers
1477673.1682973285,12,1,96.0,5,4,4,Champions
76881246.6635124338,54,1,96.0,3,3,4,Need Attention
8857856483.8004073762,23,1,96.0,4,3,4,Potential Loyalists
80381756.0295134079,61,1,96.0,2,4,4,Loyal Customers
5002787.9583537280,69,2,96.0,2,5,4,Loyal Customers
65224534.5204315996,56,1,96.0,3,2,4,Need Attention
78106766.0535705085,41,1,96.0,4,4,4,Champions
87252370.8743434151,53,1,96.0,3,3,4,Need Attention
1720059.7980376290,76,1,96.0,1,4,4,Loyal Customers
2922359.8678257138,52,1,96.0,3,1,4,Need Attention
66762101.4386648630,52,1,96.0,3,3,4,Need Attention
80536550.4410904175,10,1,96.0,5,2,4,Potential Loyalists
9202387.7945688007,49,1,96.0,3,1,4,Need Attention
45277194.9362696963,45,1,95.0,4,4,4,Champions
7333732.4162222716,6,2,95.0,5,5,4,Champions
78091932.1682067766,12,1,95.0,5,4,4,Champions
4396894.6112781516,41,2,95.0,4,5,4,Champions
41612188.2961405980,50,1,95.0,3,2,4,Need Attention
89517168.1965913087,69,2,95.0,2,5,4,Loyal Customers
5469445.5162537928,77,1,95.0,1,3,4,At Risk
1662132.7705678436,32,1,95.0,4,3,4,Potential Loyalists
3591907.4452081930,26,1,95.0,4,3,4,Potential Loyalists
37858547.0848590713,50,2,95.0,3,5,4,Loyal Customers
5934688.8369478246,63,1,95.0,2,2,4,Hibernating
77931886.2892148487,87,1,94.0,1,4,4,Loyal Customers
10111055.8768683862,53,1,94.0,3,1,4,Need Attention
78595868.1512099749,62,1,94.0,2,1,4,Hibernating
37616300.9841989253,10,1,94.0,5,4,4,Champions
4211935.8810857498,26,1,94.0,4,2,4,Potential Loyalists
7030108.5593636316,56,1,94.0,3,4,4,Loyal Customers
41074384.6453239211,61,1,94.0,2,3,4,At Risk
81646599.9766401752,73,2,94.0,1,5,4,Loyal Customers
51473797.3600857770,10,1,94.0,5,1,4,Need Attention
4228397.9560479355,34,2,94.0,4,5,4,Champions
80312544.1441597452,72,2,94.0,1,5,4,Loyal Customers
11383596.2291019550,8,1,94.0,5,4,4,Champions
88662111.3937031291,68,3,94.0,2,5,4,Loyal Customers
6541037.7464446794,52,1,94.0,3,4,4,Loyal Customers
69933106.8605034885,46,1,94.0,4,3,4,Potential Loyalists
60884649.3274819122,65,1,94.0,2,4,4,Loyal Customers
4951108.2778514025,76,1,94.0,1,3,4,At Risk
26923382.2344097794,83,1,94.0,1,2,4,Hibernating
3274035.7886971888,53,1,94.0,3,2,4,Need Attention
28475030.0026516570,34,3,93.0,4,5,4,Champions
88841711.9549610063,67,1,93.0,2,1,4,Hibernating
2220756.1679620005,85,1,93.0,1,4,4,Loyal Customers
63999151.9872059715,63,1,93.0,2,1,4,Hibernating
3124316.3000810644,12,1,93.0,5,2,4,Potential Loyalists
42473754.2622782636,87,1,93.0,1,1,4,Hibernating
2306614.9143424249,48,1,93.0,3,4,4,Loyal Customers
6980964.7715707399,63,1,93.0,2,5,4,Loyal Customers
5649103.1235825158,91,1,93.0,1,2,4,Hibernating
7702417.5110281635,13,1,93.0,5,4,4,Champions
1298332.8805790276,35,2,93.0,4,5,4,Champions
4479256.6316064249,86,1,93.0,1,3,4,At Risk
29012834.8786573186,78,1,93.0,1,3,4,At Risk
5930841.3387056624,83,1,93.0,1,3,4,At Risk
4040287.7226508684,8,1,92.0,5,1,4,Need Attention
2794121.3808098678,80,1,92.0,1,4,4,Loyal Customers
1719446.5752948453,45,1,92.0,4,1,4,Need Attention
42463554.1409769202,77,1,92.0,1,2,4,Hibernating
1549372.9570751941,72,2,92.0,1,5,4,Loyal Customers
5833707.4640795740,80,2,92.0,1,5,4,Loyal Customers
58847820.9882992470,22,1,92.0,5,3,4,Potential Loyalists
45307195.4778895431,50,1,92.0,3,1,4,Need Attention
58202770.9352561653,79,1,92.0,1,4,4,Loyal Customers
68709941.9241203499,12,1,92.0,5,2,4,Potential Loyalists
23754938.4809580024,51,1,92.0,3,1,4,Need Attention
66925511.8147430585,88,1,92.0,1,1,4,Hibernating
84385511.3999029850,53,3,92.0,3,5,4,Loyal Customers
74206339.1857618156,19,1,92.0,5,3,4,Potential Loyalists
3680421.4213771360,1,4,92.0,5,5,4,Champions
34618547.3297655232,58,1,92.0,3,4,4,Loyal Customers
59568325.0734810744,42,2,92.0,4,5,4,Champions
37250294.4002346037,10,1,92.0,5,3,4,Potential Loyalists
7200301.2334827190,10,1,92.0,5,1,4,Need Attention
34893677.5986111507,60,1,92.0,2,5,4,Loyal Customers
2920530.7615095038,58,1,92.0,3,3,4,Need Attention
7511439.0962681263,62,1,92.0,2,3,4,At Risk
6601503.8992406950,49,1,92.0,3,1,4,Need Attention
31844096.5499743319,40,2,92.0,4,5,4,Champions
4956831.5685051736,63,1,92.0,2,4,4,Loyal Customers
16580886.1809823695,70,2,92.0,1,5,4,Loyal Customers
7614640.4464730476,80,1,92.0,1,5,4,Loyal Customers
36636315.3763957890,48,1,92.0,3,4,4,Loyal Customers
5155655.8559554783,27,2,92.0,4,5,4,Champions
76426835.8645612742,62,1,92.0,2,3,4,At Risk
7659570.5939990829,42,2,92.0,4,5,4,Champions
44220779.5067468026,56,1,92.0,3,2,4,Need Attention
76589332.6790534083,74,1,92.0,1,1,4,Hibernating
3654911.3877750732,74,2,92.0,1,5,4,Loyal Customers
36297239.9102278771,69,2,92.0,2,5,4,Loyal Customers
77977630.2926457730,74,2,92.0,1,5,4,Loyal Customers
5955469534.0943203591,48,1,92.0,4,4,4,Champions
81894085.3422774223,41,1,92.0,4,2,4,Potential Loyalists
6435466.2212327811,49,2,92.0,3,5,4,Loyal Customers
4928525.8378184452,72,2,92.0,1,5,4,Loyal Customers
22419726.6739298007,53,1,92.0,3,2,4,Need Attention
8102096.9061340154,61,1,91.0,2,2,4,Hibernating
38690208.7182176252,35,1,91.0,4,1,4,Need Attention
45048252.2420963640,38,1,91.0,4,2,4,Potential Loyalists
2552499.2967992898,6,2,91.0,5,5,4,Champions
23684852.7409567673,76,1,91.0,1,3,4,At Risk
8563672023.4470210271,43,1,91.0,4,4,4,Champions
67638750.9021490779,45,1,91.0,4,2,4,Potential Loyalists
54377925.8475765994,48,1,91.0,3,2,4,Need Attention
6734225.7234108378,47,1,91.0,4,4,4,Champions
4571790.4716367763,11,1,91.0,5,2,4,Potential Loyalists
7644052.7232523165,55,3,91.0,3,5,4,Loyal Customers
9507289116.7685282362,16,2,91.0,5,5,4,Champions
9992779.7021507317,63,2,91.0,2,5,4,Loyal Customers
18999567.7932809446,7,1,91.0,5,3,4,Potential Loyalists
4271969.9589215341,52,1,91.0,3,2,4,Need Attention
19646880.6083875642,20,2,90.0,5,5,4,Champions
14297973.3454104875,52,1,90.0,3,4,4,Loyal Customers
11352452.9423487904,9,1,90.0,5,1,4,Need Attention
93208681.4784997969,19,1,90.0,5,4,4,Champions
73122682.2269869827,45,1,90.0,4,1,4,Need Attention
18562126.1110896765,47,3,90.0,4,5,4,Champions
58568906.5092468761,69,1,90.0,2,4,4,Loyal Customers
1919550.7510296150,48,1,90.0,3,1,4,Need Attention
6424047.8666679089,76,1,90.0,1,2,4,Hibernating
48517782.6581183636,87,1,90.0,1,2,4,Hibernating
3448681.1233457247,10,1,90.0,5,1,4,Need Attention
1735740.0362728656,41,2,90.0,4,5,4,Champions
82790046.1686536183,47,3,90.0,4,5,4,Champions
9158325.4927360836,25,1,90.0,4,1,4,Need Attention
3880842.7234357285,51,1,90.0,3,3,4,Need Attention
10092926.3786306416,10,1,90.0,5,1,4,Need Attention
6667186.4705493952,47,1,90.0,4,4,4,Champions
65763297.7718598085,71,2,90.0,1,5,4,Loyal Customers
69008080.7918925068,89,1,90.0,1,2,4,Hibernating
1131754.5265277968,65,1,90.0,2,2,4,Hibernating
77327517.5603080726,13,1,90.0,5,3,4,Potential Loyalists
47123059.7487136972,49,1,90.0,3,4,4,Loyal Customers
1442181.1876979854,78,1,90.0,1,2,4,Hibernating
3702643.5920822410,44,1,90.0,4,2,4,Potential Loyalists
44200284.5307032834,12,1,90.0,5,3,4,Potential Loyalists
33727882.2877204595,51,1,90.0,3,1,4,Need Attention
11429624.0505703180,48,1,90.0,3,1,4,Need Attention
2708313.8991739258,76,1,89.0,1,1,4,Hibernating
47875006.0956034934,12,1,89.0,5,1,4,Need Attention
86074018.9561167077,12,1,89.0,5,4,4,Champions
76236262.3256398802,75,1,89.0,1,1,4,Hibernating
6273742.7608658637,68,1,89.0,2,2,4,Hibernating
24006366.1954329758,67,1,89.0,2,2,4,Hibernating
14010753.6803494599,88,1,89.0,1,2,4,Hibernating
8315543.6828475045,48,1,89.0,4,2,4,Potential Loyalists
11651833.7671554272,12,1,89.0,5,3,4,Potential Loyalists
67357465.5172454961,66,1,89.0,2,4,4,Loyal Customers
64742452.6990095471,57,1,89.0,3,2,4,Need Attention
1521415006.8547838009,7,1,89.0,5,3,4,Potential Loyalists
7509303346.8821447922,32,1,89.0,4,4,4,Champions
26725725.4543798623,13,1,89.0,5,3,4,Potential Loyalists
56969245.0794104270,68,1,89.0,2,1,4,Hibernating
55551865.7737301653,14,1,89.0,5,2,4,Potential Loyalists
3508378.0798934557,12,1,88.0,5,2,4,Potential Loyalists
79173479.1654218830,11,2,88.0,5,5,4,Champions
81444980.8487304711,90,1,88.0,1,4,4,Loyal Customers
8619226.0779357153,51,1,88.0,3,4,4,Loyal Customers
72038010.9868034309,66,1,88.0,2,1,4,Hibernating
2242838.1990850485,19,2,88.0,5,5,4,Champions
84510480.2085066526,68,1,88.0,2,2,4,Hibernating
23468969.8705339890,47,2,88.0,4,5,4,Champions
67244316.0781736432,73,2,88.0,1,5,4,Loyal Customers
5365503.8577707049,60,1,88.0,2,3,4,At Risk
8365874158.6584635135,45,2,88.0,4,5,4,Champions
56058107.1090429889,63,1,88.0,2,4,4,Loyal Customers
2002567.7958256343,69,2,88.0,2,5,4,Loyal Customers
47809082.2700865658,44,1,88.0,4,4,4,Champions
6339343.8838216191,86,1,88.0,1,1,4,Hibernating
40901811.1171290722,11,2,88.0,5,5,4,Champions
82626182.5580281696,13,1,88.0,5,3,4,Potential Loyalists
8039416.4498627108,74,2,88.0,1,5,4,Loyal Customers
27700391.5760431214,70,2,88.0,1,5,4,Loyal Customers
69515603.8086432782,11,1,88.0,5,3,4,Potential Loyalists
62220268.4064155620,74,2,88.0,1,5,4,Loyal Customers
8565129.1442773138,69,2,88.0,2,5,4,Loyal Customers
16376869.9874342879,19,1,88.0,5,2,4,Potential Loyalists
4708662.4152953682,59,1,88.0,2,2,4,Hibernating
4118528.2594121459,52,2,88.0,3,5,4,Loyal Customers
33437776.5040809109,55,1,88.0,3,1,4,Need Attention
48579992.6520915753,75,2,88.0,1,5,4,Loyal Customers
82616163.0426166700,74,1,88.0,1,2,4,Hibernating
8978772.4955738043,65,1,88.0,2,4,4,Loyal Customers
56842056.4074014657,69,2,88.0,2,5,4,Loyal Customers
3672912.9850906649,12,1,88.0,5,3,4,Potential Loyalists
3087694.4745898961,79,1,88.0,1,2,4,Hibernating
85300829.7007575520,66,1,88.0,2,2,4,Hibernating
78119366.4954012793,12,1,87.0,5,4,4,Champions
39887388.4118342505,53,1,87.0,3,1,4,Need Attention
7528628.4608806903,84,1,87.0,1,2,4,Hibernating
52842299.0972144749,63,1,87.0,2,2,4,Hibernating
7239310.4510170747,13,1,87.0,5,2,4,Potential Loyalists
22857919.0356368006,30,1,87.0,4,1,4,Need Attention
58083221.3332935704,63,1,87.0,2,2,4,Hibernating
6187495.0106411561,68,1,87.0,2,5,4,Loyal Customers
7098458.6529178160,83,1,87.0,1,4,4,Loyal Customers
6809600.2578767288,84,1,87.0,1,1,4,Hibernating
16781365.5167027314,11,1,87.0,5,2,4,Potential Loyalists
8935186924.5167433612,68,2,87.0,2,5,4,Loyal Customers
3877486.7761649558,6,1,87.0,5,2,4,Potential Loyalists
4651836.9525447719,89,1,87.0,1,4,4,Loyal Customers
7403204.3264957893,41,1,87.0,4,4,4,Champions
6614915.9778990786,54,1,87.0,3,3,4,Need Attention
29329921.1682835265,88,1,87.0,1,3,4,At Risk
17494077.2658372366,29,2,87.0,4,5,4,Champions
3297046.6509553424,92,1,87.0,1,1,4,Hibernating
5448650.2098499254,66,1,86.0,2,1,4,Hibernating
1421856.0079266060,20,1,86.0,5,4,4,Champions
8625447.1591683262,60,1,86.0,2,4,4,Loyal Customers
1451078.8215732025,77,4,86.0,1,5,4,Loyal Customers
66546232.8761568990,65,1,86.0,2,4,4,Loyal Customers
89614760.0710580726,52,1,86.0,3,4,4,Loyal Customers
5941705.3208072194,61,1,86.0,2,4,4,Loyal Customers
35347718.5076451257,12,1,86.0,5,3,4,Potential Loyalists
2327591.8383238956,18,1,86.0,5,2,4,Potential Loyalists
30072670.7590340040,12,1,86.0,5,3,4,Potential Loyalists
6406174.6400107326,47,1,86.0,4,3,4,Potential Loyalists
1016446.8237887674,42,1,86.0,4,3,4,Potential Loyalists
71577991.6929043696,47,1,86.0,4,1,4,Need Attention
30682974.8537804631,17,1,86.0,5,1,4,Need Attention
2924215.0352437879,25,1,86.0,4,4,4,Champions
4773984.3495123536,54,1,86.0,3,4,4,Loyal Customers
4491618.5629278395,58,1,86.0,2,2,4,Hibernating
63719715.5964715179,13,1,86.0,5,4,4,Champions
6085157.6522638010,47,1,86.0,4,2,4,Potential Loyalists
72288121.2421957171,12,1,86.0,5,4,4,Champions
7569695.7086930682,49,1,86.0,3,4,4,Loyal Customers
4003292.1841257318,7,1,86.0,5,3,4,Potential Loyalists
19538850.4860675683,68,1,86.0,2,2,4,Hibernating
1989999900.3723615330,62,2,86.0,2,5,4,Loyal Customers
50524891.0248544815,69,1,86.0,2,3,4,At Risk
8274843.7944298261,24,1,86.0,4,5,4,Champions
6959133.0796529462,38,2,86.0,4,5,4,Champions
7266315847.3933453880,53,1,86.0,3,1,4,Need Attention
4941025.1037689726,91,1,86.0,1,4,4,Loyal Customers
7087497059.2441082427,44,1,86.0,4,3,4,Potential Loyalists
72137012.1051607566,73,2,86.0,1,5,4,Loyal Customers
3759465.8622559344,10,1,86.0,5,3,4,Potential Loyalists
5731385.0118976085,48,1,86.0,4,2,4,Potential Loyalists
7522467.8202531856,10,1,86.0,5,3,4,Potential Loyalists
67199937.0839483428,13,1,86.0,5,1,4,Need Attention
8076546.3814078834,11,1,86.0,5,5,4,Champions
7531411.0671848095,52,1,86.0,3,3,4,Need Attention
4057017.7445500408,49,1,85.0,3,4,4,Loyal Customers
83008565.9882087584,91,1,85.0,1,1,4,Hibernating
22301850.7055592545,12,1,85.0,5,4,4,Champions
24169354.1033931776,12,1,85.0,5,1,4,Need Attention
11963630.4081960728,35,2,85.0,4,5,4,Champions
32537323.1786293821,10,1,85.0,5,3,4,Potential Loyalists
22626490.1144906377,47,1,85.0,4,1,4,Need Attention
42372741.7725745796,36,2,85.0,4,5,4,Champions
75449906.0465740489,65,1,85.0,2,2,4,Hibernating
36081120.9781065736,23,1,85.0,4,4,4,Champions
6762805.6017188798,64,1,85.0,2,2,4,Hibernating
49272657.0374753028,10,1,85.0,5,3,4,Potential Loyalists
8367098267.6266306459,45,1,85.0,4,4,4,Champions
68123533.2163387749,13,1,85.0,5,1,4,Need Attention
3559702.8102516207,47,1,85.0,4,3,4,Potential Loyalists
66999027.0229648490,11,1,85.0,5,1,4,Need Attention
5555029.1780152336,7,1,85.0,5,3,4,Potential Loyalists
67165994.3239573530,65,2,85.0,2,5,4,Loyal Customers
8350624.0488361089,12,1,85.0,5,3,4,Potential Loyalists
7804688.9390238176,13,1,85.0,5,2,4,Potential Loyalists
8319735.2431028247,7,1,85.0,5,3,4,Potential Loyalists
12980467.8586280455,53,1,85.0,3,4,4,Loyal Customers
31634486.5789704122,55,1,85.0,3,5,4,Loyal Customers
45333280.3272952755,89,1,84.0,1,4,4,Loyal Customers
78767229.7873550362,18,1,84.0,5,2,4,Potential Loyalists
82844534.6436445101,36,1,84.0,4,2,4,Potential Loyalists
3133775.9156295221,56,1,84.0,3,1,4,Need Attention
72370889.4274312461,72,2,84.0,1,5,4,Loyal Customers
68810872.5074560693,55,1,84.0,3,4,4,Loyal Customers
38807944.2775419825,9,1,84.0,5,3,4,Potential Loyalists
35776748.8724446726,46,1,84.0,4,4,4,Champions
6925264.7236399265,87,1,84.0,1,3,4,At Risk
9039571.9454436357,9,1,84.0,5,2,4,Potential Loyalists
48759743.3897304613,66,1,84.0,2,4,4,Loyal Customers
2422991177.9011347046,12,1,84.0,5,1,4,Need Attention
1269503.0307049017,46,6,84.0,4,5,4,Champions
85716296.2746032609,7,1,84.0,5,2,4,Potential Loyalists
6956769.0761317548,12,1,84.0,5,1,4,Need Attention
59984887.3998777935,58,1,84.0,2,4,4,Loyal Customers
5184896.7773934801,6,4,84.0,5,5,4,Champions
41170608.3749741399,42,1,84.0,4,1,4,Need Attention
66003152.6293590689,41,1,84.0,4,2,4,Potential Loyalists
33441899.6129787929,12,1,84.0,5,2,4,Potential Loyalists
46713699.8088713367,33,2,84.0,4,5,4,Champions
47300109.6237634766,55,1,84.0,3,2,4,Need Attention
72957336.1004222273,11,1,84.0,5,3,4,Potential Loyalists
8942620.3768210351,55,1,84.0,3,5,4,Loyal Customers
4776388.1769463257,10,1,84.0,5,4,4,Champions
47004130.2614985916,81,1,84.0,1,1,4,Hibernating
64416999.5439036039,73,2,84.0,1,5,4,Loyal Customers
18959111.1595509886,11,1,84.0,5,2,4,Potential Loyalists
29339544.5051604260,7,4,84.0,5,5,4,Champions
5996776.4076510130,70,2,84.0,1,5,4,Loyal Customers
65796992.6677179699,48,1,84.0,3,3,4,Need Attention
86253338.5702333040,44,6,84.0,4,5,4,Champions
21509530.5446744309,12,1,83.0,5,3,4,Potential Loyalists
76282145.6467825759,54,2,83.0,3,5,4,Loyal Customers
2335262.1250213439,10,1,83.0,5,2,4,Potential Loyalists
13285520.2959269878,51,2,83.0,3,5,4,Loyal Customers
52206227.1304942050,47,1,83.0,4,4,4,Champions
6789255.8149326021,11,1,83.0,5,3,4,Potential Loyalists
12918996.0504047773,48,1,83.0,3,2,4,Need Attention
2917534.5056390033,60,1,83.0,2,3,4,At Risk
24304271.4330042107,51,1,83.0,3,2,4,Need Attention
6948012.9754264018,49,1,83.0,3,3,4,Need Attention
54818265.6577214045,44,2,83.0,4,5,4,Champions
48907950.3864926902,69,1,83.0,2,2,4,Hibernating
57331972.5170829627,10,1,83.0,5,2,4,Potential Loyalists
11677998.3685150844,25,2,83.0,4,5,4,Champions
81507474.7124670126,48,2,83.0,4,5,4,Champions
54064006.4612083157,89,1,83.0,1,4,4,Loyal Customers
11026237.6695291303,63,1,82.0,2,2,4,Hibernating
57813325.3678451216,52,1,82.0,3,5,4,Loyal Customers
83122453.5394732985,43,2,82.0,4,5,4,Champions
1076048999.1524631135,6,1,82.0,5,2,4,Potential Loyalists
1806399.4725727058,7,1,82.0,5,2,4,Potential Loyalists
6390320.2348413457,82,1,82.0,1,3,4,At Risk
19873344.4999466945,47,1,82.0,4,3,4,Potential Loyalists
14852669.9791388097,59,1,82.0,2,2,4,Hibernating
88839956.1260646312,26,1,82.0,4,4,4,Champions
8802884547.0021147778,14,2,82.0,5,5,4,Champions
6124369.2118584602,10,1,82.0,5,1,4,Need Attention
6866245.1904282400,51,1,82.0,3,5,4,Loyal Customers
69713248.5059349258,48,1,82.0,4,2,4,Potential Loyalists
3969719.1370988267,55,1,82.0,3,2,4,Need Attention
31144747.8079100313,48,1,82.0,3,1,4,Need Attention
56110190.2206479626,85,1,82.0,1,3,4,At Risk
7620383.9581361736,63,1,82.0,2,3,4,At Risk
8252618717.0494009861,6,1,82.0,5,4,4,Champions
6027887.5211064946,33,3,82.0,4,5,4,Champions
6212731.0009421838,84,1,82.0,1,2,4,Hibernating
3060968189.0797537444,50,1,82.0,3,1,4,Need Attention
9133428.2538890525,9,1,81.0,5,1,4,Need Attention
71809229.6889565634,12,1,81.0,5,1,4,Need Attention
1513222.1542392261,43,2,81.0,4,5,4,Champions
2684090.0831718948,80,1,81.0,1,2,4,Hibernating
25751116.8740706267,49,1,81.0,3,4,4,Loyal Customers
7848612.5364146017,54,1,81.0,3,1,4,Need Attention
86506239.5873574585,68,1,81.0,2,2,4,Hibernating
59881976.1815940735,66,1,81.0,2,1,4,Hibernating
1773396.0419473781,48,1,81.0,3,4,4,Loyal Customers
53386672.0195873047,10,1,81.0,5,4,4,Champions
56625395.7315960485,51,1,81.0,3,2,4,Need Attention
66722347.8983163223,49,2,81.0,3,5,4,Loyal Customers
33274361.4713446044,90,1,81.0,1,4,4,Loyal Customers
78124649.1656587707,79,1,80.0,1,4,4,Loyal Customers
63884332.6008916710,62,1,80.0,2,2,4,Hibernating
8615072.6619063078,16,1,80.0,5,3,4,Potential Loyalists
84080911.7958476288,17,1,80.0,5,5,4,Champions
59044937.5350894136,53,1,80.0,3,4,4,Loyal Customers
1943185.6260713896,73,2,80.0,1,5,4,Loyal Customers
35862721.9988627980,69,2,80.0,2,5,4,Loyal Customers
4284305324.1896487358,69,1,80.0,2,1,4,Hibernating
31508986.6211752903,45,1,80.0,4,1,4,Need Attention
2127367.4441935233,11,1,80.0,5,3,4,Potential Loyalists
29625533.6319169088,25,1,80.0,4,1,4,Need Attention
76647866.4324085605,48,1,80.0,4,3,4,Potential Loyalists
3191154706.8263425472,13,1,80.0,5,2,4,Potential Loyalists
7356019.3663162103,62,1,80.0,2,4,4,Loyal Customers
4828068.2073927850,48,1,80.0,4,2,4,Potential Loyalists
84172914.5775541079,7,1,80.0,5,4,4,Champions
5534507.9883804494,49,1,80.0,3,1,4,Need Attention
8478888.8486003629,76,1,80.0,1,1,4,Hibernating
4244063.5746229815,8,1,80.0,5,4,4,Champions
12557240.6917222125,83,1,80.0,1,1,4,Hibernating
3239161.4615679765,60,1,80.0,2,3,4,At Risk
5442666.6069210320,55,1,80.0,3,4,4,Loyal Customers
52931639.4509960949,47,1,80.0,4,4,4,Champions
4983865.9578536501,80,5,80.0,1,5,4,Loyal Customers
9209369.0557021039,60,2,80.0,2,5,4,Loyal Customers
4484161.8947884851,48,1,79.0,4,2,4,Potential Loyalists
5013288.8674440820,48,1,79.0,4,2,4,Potential Loyalists
6912309.8730595992,10,1,79.0,5,4,4,Champions
7021233.6876778352,53,1,79.0,3,4,4,Loyal Customers
4115432.9849138741,25,1,79.0,4,1,4,Need Attention
47327205.6325472260,45,1,79.0,4,3,4,Potential Loyalists
60554403.6518704294,48,1,79.0,4,1,4,Need Attention
1165995.5956787568,76,1,79.0,1,3,4,At Risk
19275645.5139195959,62,1,79.0,2,3,4,At Risk
34337826.8589907777,45,1,79.0,4,2,4,Potential Loyalists
3634722.5332335025,23,1,79.0,4,4,4,Champions
4690383.2184789524,21,1,79.0,5,3,4,Potential Loyalists
23049349.8568567171,59,1,79.0,2,4,4,Loyal Customers
41141552.8387155159,75,1,79.0,1,2,4,Hibernating
1181671929.7227404022,32,1,79.0,4,1,4,Need Attention
1513854.4372984826,48,1,79.0,3,2,4,Need Attention
90778964.2302489928,48,1,79.0,4,2,4,Potential Loyalists
98737231.6995342156,48,1,79.0,3,1,4,Need Attention
5797185.5565350475,58,1,79.0,2,3,4,At Risk
8905000.7139776419,11,1,79.0,5,4,4,Champions
7851717310.4801484131,63,1,79.0,2,2,4,Hibernating
6529983.5567562804,8,1,79.0,5,4,4,Champions
6948517.7826846100,54,1,79.0,3,3,4,Need Attention
33374347.9195100558,60,1,79.0,2,3,4,At Risk
66586954.9090439023,51,1,79.0,3,1,4,Need Attention
2414762.3155087525,80,1,79.0,1,5,4,Loyal Customers
6190624.8931186607,52,1,79.0,3,1,4,Need Attention
68346527.0844051631,58,1,79.0,2,4,4,Loyal Customers
1750371.7249808647,48,1,79.0,3,3,4,Need Attention
52768784.2327124854,11,1,79.0,5,2,4,Potential Loyalists
55876955.1461572499,45,1,79.0,4,1,4,Need Attention
1907946.0838810934,20,1,79.0,5,2,4,Potential Loyalists
377360457.8254199418,52,2,79.0,3,5,4,Loyal Customers
82288674.1418835263,48,1,79.0,3,1,4,Need Attention
8608966.1893326710,51,1,79.0,3,3,4,Need Attention
11105025.0713455496,62,2,79.0,2,5,4,Loyal Customers
2638531.4937946565,64,1,78.0,2,1,4,Hibernating
8698666737.1710911998,81,1,78.0,1,3,4,At Risk
41280451.5966697273,68,2,78.0,2,5,4,Loyal Customers
1132369.2816052952,82,1,78.0,1,2,4,Hibernating
77740062.7146345636,50,1,78.0,3,1,4,Need Attention
5073051.0072849842,66,1,78.0,2,3,4,At Risk
59199504.6442886361,17,1,78.0,5,2,4,Potential Loyalists
17209917.8498366479,77,1,78.0,1,4,4,Loyal Customers
24178523.2626897351,72,2,78.0,1,5,4,Loyal Customers
55847223.9986381572,48,1,78.0,3,3,4,Need Attention
8882998.2908489159,52,1,78.0,3,1,4,Need Attention
4199051.4595175442,4,1,78.0,5,4,4,Champions
7989341.0097191625,19,3,77.0,5,5,4,Champions
50844046.9564028621,31,1,77.0,4,3,4,Potential Loyalists
5817047.8350669320,8,2,77.0,5,5,4,Champions
58602824.1798462461,48,1,77.0,4,3,4,Potential Loyalists
9692619.6154700763,52,1,77.0,3,1,4,Need Attention
71278332.7023651906,45,1,77.0,4,1,4,Need Attention
65404110.4294747844,60,1,77.0,2,3,4,At Risk
1452482.7324331777,63,1,77.0,2,1,4,Hibernating
4285173.0566058301,12,1,77.0,5,1,4,Need Attention
3777881.8197329849,9,1,77.0,5,3,4,Potential Loyalists
8048203.9183206021,55,1,77.0,3,1,4,Need Attention
75226916.3196630292,50,1,77.0,3,4,4,Loyal Customers
3903259.6420982880,9,1,77.0,5,2,4,Potential Loyalists
59061039.5435612071,65,2,77.0,2,5,4,Loyal Customers
7900127.6292792546,48,1,76.0,3,2,4,Need Attention
3237193.2779307989,65,2,76.0,2,5,4,Loyal Customers
1349811.1244559364,67,1,76.0,2,2,4,Hibernating
49625864.9176816663,65,1,76.0,2,2,4,Hibernating
83324589.4043967351,49,1,76.0,3,3,4,Need Attention
5810898.6934583450,54,1,76.0,3,2,4,Need Attention
27946409.7040300456,55,1,76.0,3,2,4,Need Attention
13939412.7536118892,60,1,76.0,2,2,4,Hibernating
17600486.2275967341,41,2,76.0,4,5,4,Champions
1601634.7430563339,34,1,76.0,4,1,4,Need Attention
7153024.5115370134,76,1,76.0,1,3,4,At Risk
1811862.9527400954,39,1,76.0,4,2,4,Potential Loyalists
8526613234.8674806597,47,1,76.0,4,5,4,Champions
63478695.0837863375,83,1,76.0,1,3,4,At Risk
23060159.8817366259,60,1,76.0,2,4,4,Loyal Customers
27980720.8947731814,59,1,76.0,2,4,4,Loyal Customers
7149418.0554548662,61,1,76.0,2,1,4,Hibernating
2502277.1517433932,63,1,76.0,2,2,4,Hibernating
58393225.4182288649,71,2,76.0,1,5,4,Loyal Customers
73739017.8732867733,65,1,76.0,2,3,4,At Risk
1939811.6948974674,12,1,76.0,5,3,4,Potential Loyalists
99826321.7020196151,7,1,76.0,5,3,4,Potential Loyalists
11042625.9465902773,50,1,75.0,3,3,4,Need Attention
73039691.3592091634,75,2,75.0,1,5,4,Loyal Customers
4645810.6414891428,45,1,75.0,4,1,4,Need Attention
2028522.0201942206,50,2,75.0,3,5,4,Loyal Customers
28506686.6755042584,20,1,75.0,5,2,4,Potential Loyalists
31588757.8825339636,45,1,75.0,4,4,4,Champions
30199985.4509664101,73,3,75.0,1,5,4,Loyal Customers
69289177.2712829976,50,1,75.0,3,3,4,Need Attention
49358925.4763310482,9,1,75.0,5,2,4,Potential Loyalists
5467717.9448603297,32,1,75.0,4,1,4,Need Attention
5402809.0916803278,58,1,75.0,2,4,4,Loyal Customers
42708046.4152584281,61,1,75.0,2,2,4,Hibernating
42898775.5372388229,63,1,75.0,2,4,4,Loyal Customers
29213420.6137198014,51,1,75.0,3,4,4,Loyal Customers
2663381.1128244448,64,2,75.0,2,5,4,Loyal Customers
74826760.8268644803,66,1,75.0,2,2,4,Hibernating
78536888.1867075857,48,1,74.0,3,1,4,Need Attention
39913337.5078425632,76,1,74.0,1,1,4,Hibernating
83072571.2219987254,11,1,74.0,5,2,4,Potential Loyalists
37200331.0541488328,59,1,74.0,2,4,4,Loyal Customers
1491753.9250182150,50,2,74.0,3,5,4,Loyal Customers
73744073.0825120998,32,2,74.0,4,5,4,Champions
89960826.1583245929,82,1,74.0,1,4,4,Loyal Customers
7070291.4775984721,42,1,74.0,4,1,4,Need Attention
7653885.7449557450,70,2,74.0,2,5,4,Loyal Customers
85065615.9182483522,76,1,74.0,1,4,4,Loyal Customers
37383357.2206535308,56,1,74.0,3,2,4,Need Attention
71285854.2587994288,47,1,74.0,4,1,4,Need Attention
23761519.9043529493,53,1,74.0,3,4,4,Loyal Customers
48154162.5010970818,63,1,74.0,2,1,4,Hibernating
6826941.5434656989,52,1,74.0,3,2,4,Need Attention
20718298.6808598428,40,1,74.0,4,3,4,Potential Loyalists
5788686572.5981505502,84,1,74.0,1,3,4,At Risk
48729405.8068709539,51,1,74.0,3,1,4,Need Attention
88125518.8306270972,70,3,73.0,2,5,4,Loyal Customers
2554609494.2346657395,74,1,73.0,1,2,4,Hibernating
51986505.2747565154,69,1,73.0,2,4,4,Loyal Customers
19776395.6991230845,58,1,73.0,2,1,4,Hibernating
6258055.5394754419,45,1,73.0,4,4,4,Champions
3008670.3250240015,50,1,73.0,3,3,4,Need Attention
6471483.5221877990,61,1,73.0,2,1,4,Hibernating
29973724.4702575659,69,1,73.0,2,3,4,At Risk
6266467.7992501797,55,1,73.0,3,3,4,Need Attention
1384229.1647560493,65,1,73.0,2,1,4,Hibernating
63566671.0624139016,85,1,73.0,1,4,4,Loyal Customers
4186517.6481556302,59,1,73.0,2,3,4,At Risk
89817778.2961109026,52,1,73.0,3,1,4,Need Attention
67431671.1651955470,59,1,73.0,2,1,4,Hibernating
39965653.0318600367,67,1,73.0,2,3,4,At Risk
28905204.2373409713,40,1,73.0,4,2,4,Potential Loyalists
11751524.1233943964,60,1,73.0,2,4,4,Loyal Customers
82858250.0760247395,12,1,73.0,5,3,4,Potential Loyalists
7963872501.7280985193,50,1,73.0,3,4,4,Loyal Customers
7378247.2288341132,66,1,72.0,2,3,4,At Risk
4983577.8461145532,55,1,72.0,3,3,4,Need Attention
83318375.5690486321,61,1,72.0,2,2,4,Hibernating
39639019.8826655065,48,1,72.0,4,2,4,Potential Loyalists
38538077.3398709669,26,1,72.0,4,1,4,Need Attention
22809713.5594396469,66,1,72.0,2,4,4,Loyal Customers
2681069.0750146189,60,1,72.0,2,3,4,At Risk
87047667.1042912591,31,3,72.0,4,5,4,Champions
90640042.4789797090,53,1,72.0,3,1,4,Need Attention
58535639.3555391988,24,1,72.0,4,4,4,Champions
44050879.9039342218,55,1,72.0,3,3,4,Need Attention
38820363.2818595515,58,1,72.0,2,2,4,Hibernating
66110580.3915490917,20,1,72.0,5,4,4,Champions
2379851873.3035650084,49,1,72.0,3,2,4,Need Attention
30986155.2819672189,47,1,72.0,4,1,4,Need Attention
28471582.5014474639,54,1,72.0,3,2,4,Need Attention
2422026.0165722609,92,1,72.0,1,2,4,Hibernating
6147283.5287339204,13,1,72.0,5,3,4,Potential Loyalists
7945395.8197113765,54,1,72.0,3,4,4,Loyal Customers
28469804.2841019579,68,1,72.0,2,4,4,Loyal Customers
8514502.1927548910,50,1,72.0,3,1,4,Need Attention
1585309.6580304644,59,1,72.0,2,3,4,At Risk
82102048.1975466467,56,2,72.0,3,5,4,Loyal Customers
47865957.1450554660,83,1,72.0,1,3,4,At Risk
91081437.4176468529,82,1,72.0,1,1,4,Hibernating
31950543.1898138464,45,1,72.0,4,2,4,Potential Loyalists
62526775.3330591472,68,1,72.0,2,1,4,Hibernating
2082729.0477339221,63,1,71.0,2,1,4,Hibernating
54389014.0787674086,53,1,71.0,3,1,4,Need Attention
21199689.9636890755,67,1,71.0,2,3,4,At Risk
53132817.7758017210,51,1,71.0,3,3,4,Need Attention
7486503607.6799883479,58,1,71.0,2,1,4,Hibernating
50569879.3752778091,82,1,71.0,1,2,4,Hibernating
6709518.3773334846,80,1,71.0,1,2,4,Hibernating
21819616.7879365690,20,1,71.0,5,1,4,Need Attention
2201383.2119496784,76,1,71.0,1,3,4,At Risk
7444839.8804218896,79,1,71.0,1,2,4,Hibernating
82278834.0437907358,45,1,71.0,4,2,4,Potential Loyalists
3604692.1743563681,5,2,71.0,5,5,4,Champions
6329222.4077008311,88,1,71.0,1,4,4,Loyal Customers
8646619.3463076710,58,1,71.0,2,3,4,At Risk
24745771.8606465125,75,1,71.0,1,3,4,At Risk
28193094.1619179501,65,1,71.0,2,4,4,Loyal Customers
1380507.2487426376,66,1,71.0,2,1,4,Hibernating
50394923.2952435045,23,1,71.0,4,4,4,Champions
80099261.3426524420,58,3,71.0,2,5,4,Loyal Customers
52873910.3837820346,18,1,71.0,5,3,4,Potential Loyalists
6584802.2768783050,12,1,71.0,5,2,4,Potential Loyalists
76640124.2117888713,62,1,71.0,2,1,4,Hibernating
7940945.2925551216,79,1,71.0,1,4,4,Loyal Customers
3810063772.2479894157,69,1,71.0,2,1,4,Hibernating
7287329.6250817980,66,1,71.0,2,2,4,Hibernating
90374652.8048607690,61,1,71.0,2,3,4,At Risk
3827230.3533086822,82,1,71.0,1,1,4,Hibernating
36592704.2276068785,51,1,71.0,3,3,4,Need Attention
4173503.5366002223,84,4,71.0,1,5,4,Loyal Customers
7676671.1176734435,55,1,71.0,3,4,4,Loyal Customers
32439085.2055424151,42,1,71.0,4,1,4,Need Attention
18171656.8464996756,61,1,71.0,2,1,4,Hibernating
6139519660.0542827101,20,1,71.0,5,3,4,Potential Loyalists
1989417.5184999300,62,1,70.0,2,4,4,Loyal Customers
77327261.9614153178,28,1,70.0,4,4,4,Champions
5818334.2988219400,20,1,70.0,5,4,4,Champions
1367614.4912810709,66,1,70.0,2,2,4,Hibernating
78979530.8829741899,88,1,70.0,1,4,4,Loyal Customers
9271679.7821879014,45,1,70.0,4,5,4,Champions
44316604.1189096693,41,1,70.0,4,4,4,Champions
8863355.4914234319,78,1,70.0,1,1,4,Hibernating
24216413.3568094065,5,1,70.0,5,4,4,Champions
7980854.4779699400,47,1,70.0,4,4,4,Champions
10469704.3472380781,18,1,70.0,5,2,4,Potential Loyalists
1398743.9446501908,54,1,70.0,3,3,4,Need Attention
14427748.6131716710,63,1,70.0,2,3,4,At Risk
31229170.2945226603,51,1,70.0,3,1,4,Need Attention
83812359.6098055338,2,2,70.0,5,5,4,Champions
26105678.1036002654,25,2,70.0,4,5,4,Champions
5191278.7358335539,46,1,70.0,4,4,4,Champions
84404754.7597435906,63,1,70.0,2,3,4,At Risk
47832970.6690268280,41,2,70.0,4,5,4,Champions
5925851.9554360524,64,1,70.0,2,1,4,Hibernating
71426813.6484576444,69,2,70.0,2,5,4,Loyal Customers
1181271.2559991025,3,1,70.0,5,2,4,Potential Loyalists
7581468.6871965622,54,1,70.0,3,2,4,Need Attention
66793226.8520233559,55,1,70.0,3,1,4,Need Attention
69449470.6900964049,75,2,70.0,1,5,4,Loyal Customers
81176111.0310368280,66,1,69.0,2,3,4,At Risk
9162393.3139216792,22,1,69.0,4,3,4,Potential Loyalists
55320022.9694600525,87,1,69.0,1,3,4,At Risk
26519562.2001786042,20,3,69.0,5,5,4,Champions
7725658.2117768050,54,1,69.0,3,1,4,Need Attention
63322638.6145263794,53,1,69.0,3,1,4,Need Attention
5237397.7064940983,47,2,69.0,4,5,4,Champions
84496993.3019099787,27,1,69.0,4,4,4,Champions
5402723.9681886212,59,1,69.0,2,3,4,At Risk
3306493.6869699768,63,1,69.0,2,2,4,Hibernating
8897760.4048514573,10,1,69.0,5,3,4,Potential Loyalists
88416652.0838323875,16,1,69.0,5,1,4,Need Attention
5940658266.3455244663,85,1,69.0,1,2,4,Hibernating
57032373.6609455190,58,1,69.0,3,4,4,Loyal Customers
60290905.3120917328,55,1,69.0,3,3,4,Need Attention
1760327.1126266238,18,1,69.0,5,4,4,Champions
45244493.0702066140,51,1,69.0,3,3,4,Need Attention
9086711895.7106781995,10,1,69.0,5,2,4,Potential Loyalists
4670841.6660469429,15,1,69.0,5,1,4,Need Attention
7410716.2746943114,86,1,69.0,1,4,4,Loyal Customers
44771210.2314933209,90,1,69.0,1,4,4,Loyal Customers
25060616.2829422023,90,1,68.0,1,2,4,Hibernating
43950878.2847092801,74,1,68.0,1,2,4,Hibernating
32964131.2305658200,52,1,68.0,3,4,4,Loyal Customers
26003572.1132400750,64,1,68.0,2,1,4,Hibernating
76654420.3019926863,56,1,68.0,3,3,4,Need Attention
71510217.3315206080,25,1,68.0,4,3,4,Potential Loyalists
29570964.3192916968,19,1,68.0,5,1,4,Need Attention
62367831.6101573204,57,1,68.0,3,4,4,Loyal Customers
54050361.8478898304,72,2,68.0,1,5,4,Loyal Customers
1336541.8089767254,69,3,68.0,2,5,4,Loyal Customers
65904468.2920700958,66,1,68.0,2,2,4,Hibernating
21242720.7094333523,12,2,68.0,5,5,4,Champions
16452090.3561030142,47,1,68.0,4,2,4,Potential Loyalists
5309497742.4560578847,6,1,68.0,5,2,4,Potential Loyalists
82736940.6582572177,57,1,68.0,3,1,4,Need Attention
81446984.1609942483,18,1,68.0,5,1,4,Need Attention
2739425.0432989823,34,1,68.0,4,4,4,Champions
89736817.8673115024,45,1,68.0,4,3,4,Potential Loyalists
6295459.5314511143,41,1,68.0,4,2,4,Potential Loyalists
44974147.5717650402,54,1,68.0,3,2,4,Need Attention
90422982.2543893019,89,1,68.0,1,2,4,Hibernating
12616947.5651073543,12,1,67.0,5,3,3,Potential Loyalists
69080739.9100349214,45,1,67.0,4,1,3,Need Attention
62856019.3238415642,65,1,67.0,2,4,4,Loyal Customers
3436758.3540022393,61,1,67.0,2,1,4,Hibernating
52963408.8320264398,10,1,67.0,5,2,4,Potential Loyalists
2516229.6115027745,50,1,67.0,3,2,4,Need Attention
1803200.7777857363,36,1,67.0,4,2,4,Potential Loyalists
8633002.3339270787,53,2,67.0,3,5,4,Loyal Customers
50234006.7156805216,79,1,67.0,1,1,3,Hibernating
7228205337.7017500982,83,1,67.0,1,3,4,At Risk
7483078.1076858608,40,1,67.0,4,2,3,Potential Loyalists
4178087.7032911177,10,1,67.0,5,2,4,Potential Loyalists
79080724.0148001328,37,1,67.0,4,4,3,Champions
28569564.3821183207,48,1,67.0,4,4,4,Champions
637884255.3997903180,51,1,67.0,3,2,3,Need Attention
4876835.9267582756,35,1,66.0,4,1,3,Need Attention
32220426.7266826946,45,2,66.0,4,5,3,Champions
83486645.0419878784,68,1,66.0,2,3,3,At Risk
6603816.5140292624,74,2,66.0,1,5,3,Loyal Customers
1280111349.1479378569,52,1,66.0,3,2,3,Need Attention
3846424.1179556219,54,3,66.0,3,5,3,Loyal Customers
7186879.8446139395,91,1,66.0,1,3,3,At Risk
7672681.6997556283,15,1,66.0,5,2,3,Potential Loyalists
56113571.7461187367,84,2,66.0,1,5,3,Loyal Customers
5041130.4127815311,49,1,66.0,3,3,3,Need Attention
21212846.2865668337,48,2,66.0,4,5,3,Champions
11251067.8076493504,67,1,66.0,2,2,3,Hibernating
11766732.8000293665,60,1,66.0,2,4,3,Loyal Customers
56494469.6974953877,90,1,66.0,1,2,3,Hibernating
45812920.1745374710,49,1,66.0,3,2,3,Need Attention
2571967530.2221797757,23,1,66.0,4,1,3,Need Attention
2476173.9104747305,76,2,66.0,1,5,3,Loyal Customers
13364975.1358294130,54,1,66.0,3,1,3,Need Attention
33228466.7506889878,53,1,66.0,3,2,3,Need Attention
87600401.0863764142,24,1,66.0,4,2,3,Potential Loyalists
86388013.6727453761,66,1,66.0,2,2,3,Hibernating
2459609.1421753209,72,2,66.0,1,5,3,Loyal Customers
5958762.0643846515,63,1,66.0,2,4,3,Loyal Customers
62245069.7842050254,71,2,66.0,1,5,3,Loyal Customers
10269098.5703813861,25,1,66.0,4,1,3,Need Attention
62926115.2506930242,68,2,66.0,2,5,3,Loyal Customers
1554450.8430552983,79,1,66.0,1,3,3,At Risk
87978859.5425554329,20,1,65.0,5,3,3,Potential Loyalists
1550859.5605002123,67,1,65.0,2,1,3,Hibernating
3854148056.2149365655,77,1,65.0,1,3,3,At Risk
64327920.9668348160,66,1,65.0,2,4,3,Loyal Customers
84733987.1998752292,55,2,65.0,3,5,3,Loyal Customers
79219690.8483166390,88,1,65.0,1,1,3,Hibernating
3336646.4974569457,64,1,65.0,2,2,3,Hibernating
3138661.7215424304,82,1,65.0,1,4,3,Loyal Customers
6653444.2272771449,16,1,65.0,5,4,3,Champions
1972984.6707484339,44,1,65.0,4,3,3,Potential Loyalists
79553165.4071602117,55,1,65.0,3,2,3,Need Attention
8814952.6174853430,47,1,65.0,4,3,3,Potential Loyalists
3287379.7416476309,4,3,65.0,5,5,3,Champions
67692146.5227615799,68,1,65.0,2,2,3,Hibernating
5493040.3439425467,22,1,65.0,4,4,3,Champions
3678796.0209524077,82,1,64.0,1,2,3,Hibernating
2113325.1940945017,55,2,64.0,3,5,3,Loyal Customers
2430931.6173812141,70,2,64.0,2,5,3,Loyal Customers
11330440.1022375512,56,2,64.0,3,5,3,Loyal Customers
71985328.5213385555,45,1,64.0,4,4,3,Champions
1300033.4750122266,65,1,64.0,2,1,3,Hibernating
30327434.6405100575,71,4,64.0,1,5,3,Loyal Customers
24070954.9186532223,48,2,64.0,4,5,3,Champions
19569327.4509171845,62,1,64.0,2,3,3,At Risk
50459060.2091794479,58,1,64.0,3,5,3,Loyal Customers
52687165.0903734385,63,1,64.0,2,3,3,At Risk
58454116.2497862183,43,1,64.0,4,3,3,Potential Loyalists
1279595.7348368743,14,2,64.0,5,5,3,Champions
31940764.0532258933,84,1,64.0,1,1,3,Hibernating
64653336.4646158623,82,1,64.0,1,2,3,Hibernating
36185608.4688744734,79,1,64.0,1,2,3,Hibernating
5407612.3141758192,74,2,64.0,1,5,3,Loyal Customers
53066733.3024849807,54,1,64.0,3,1,3,Need Attention
2459937.2318206302,27,1,63.0,4,3,3,Potential Loyalists
1516904.8325459706,53,1,63.0,3,4,3,Loyal Customers
39848806.8098859726,64,1,63.0,2,1,3,Hibernating
15894992.4328529401,44,1,63.0,4,2,3,Potential Loyalists
4323466.5326100311,83,1,63.0,1,4,3,Loyal Customers
7943950.0170510912,88,1,63.0,1,1,3,Hibernating
15485284.9465721193,59,1,63.0,2,2,3,Hibernating
5761971471.2167723492,55,1,63.0,3,3,3,Need Attention
3295969.7003429554,48,1,63.0,4,1,3,Need Attention
44519434.2674116155,35,1,63.0,4,1,3,Need Attention
67300719.0613628944,79,1,63.0,1,4,3,Loyal Customers
5038082.1213644469,47,1,63.0,4,4,3,Champions
3341339703.3960463341,88,1,63.0,1,4,3,Loyal Customers
7122244.8452189284,59,1,63.0,2,3,3,At Risk
5323353.2186165169,49,1,63.0,3,1,3,Need Attention
58413993.0257976234,9,1,63.0,5,2,3,Potential Loyalists
5298595.3824316171,42,1,63.0,4,1,3,Need Attention
54054788.5524342358,24,1,63.0,4,4,3,Champions
37055874.5655053626,61,1,63.0,2,3,3,At Risk
5044121.9570928383,42,1,63.0,4,1,3,Need Attention
91803638.1469968399,82,1,63.0,1,3,3,At Risk
44590577.0501187299,60,1,63.0,2,4,3,Loyal Customers
48950292.7220423425,56,1,63.0,3,1,3,Need Attention
33027284.2974994612,92,1,63.0,1,2,3,Hibernating
1738338.2951797326,58,1,63.0,3,3,3,Need Attention
9147324811.3340748180,61,1,63.0,2,1,3,Hibernating
60946114.0900351195,64,1,63.0,2,1,3,Hibernating
70825378.7231985352,26,1,63.0,4,4,3,Champions
2206124.5804645350,46,1,63.0,4,3,3,Potential Loyalists
50625438.6453912217,46,1,63.0,4,4,3,Champions
47560404.3476867470,66,1,63.0,2,4,3,Loyal Customers
62257296.4539268322,7,1,62.0,5,2,3,Potential Loyalists
9038562615.4849510514,51,1,62.0,3,1,3,Need Attention
8643281.5509657561,13,2,62.0,5,5,3,Champions
2811472757.1072758998,58,1,62.0,2,2,3,Hibernating
80057143.0865341279,51,1,62.0,3,3,3,Need Attention
4730992.8722407824,41,1,62.0,4,3,3,Potential Loyalists
56946920.7497732024,60,3,62.0,2,5,3,Loyal Customers
5050037.2369076659,52,1,62.0,3,2,3,Need Attention
2013175.8788634760,62,1,62.0,2,4,3,Loyal Customers
48003223.4943874070,35,1,62.0,4,4,3,Champions
32495068.8510753707,45,1,62.0,4,3,3,Potential Loyalists
8706769250.9838749927,76,1,62.0,1,2,3,Hibernating
2132209.9029962354,48,2,62.0,4,5,3,Champions
14429820.5127041689,58,1,62.0,3,1,3,Need Attention
5510122.6423876982,46,1,62.0,4,4,3,Champions
22038652.9104855848,62,1,62.0,2,4,3,Loyal Customers
1243316.4074408289,69,1,62.0,2,1,3,Hibernating
42795253.5783224983,83,1,62.0,1,3,3,At Risk
26950848.2753147504,83,1,62.0,1,2,3,Hibernating
4705602.5117173147,54,1,62.0,3,3,3,Need Attention
90534189.7793559750,60,1,62.0,2,1,3,Hibernating
1739571105.5692727677,62,1,62.0,2,2,3,Hibernating
4241710.4464603704,55,1,62.0,3,3,3,Need Attention
6939144.9225806090,81,1,62.0,1,5,3,Loyal Customers
46048757.5367659676,83,1,62.0,1,3,3,At Risk
52644953.9352687463,55,1,62.0,3,3,3,Need Attention
5114182.5685213207,11,1,61.0,5,1,3,Need Attention
1532532525.0257377084,41,1,61.0,4,4,3,Champions
40815861.1638174276,24,1,61.0,4,3,3,Potential Loyalists
3056927.8375951035,27,1,61.0,4,4,3,Champions
6208845.6973803394,66,1,61.0,2,1,3,Hibernating
11739180.5119503910,48,1,61.0,4,4,3,Champions
4191504.8974147364,47,1,61.0,4,3,3,Potential Loyalists
80816097.5485623131,67,1,61.0,2,5,3,Loyal Customers
71727250.2189553207,75,1,61.0,1,3,3,At Risk
78774008.6201015241,52,1,61.0,3,2,3,Need Attention
38411914.4791743908,49,1,61.0,3,4,3,Loyal Customers
3315775.4887916908,46,1,61.0,4,2,3,Potential Loyalists
4067712.1364874133,84,1,61.0,1,4,3,Loyal Customers
12877939.3694492500,76,1,61.0,1,3,3,At Risk
5469438.4165905723,52,1,61.0,3,5,3,Loyal Customers
29405563.9336451641,51,1,61.0,3,4,3,Loyal Customers
43750028.1825830479,87,1,61.0,1,3,3,At Risk
2941370.9700661406,52,2,61.0,3,5,3,Loyal Customers
26530628.3602362036,58,1,61.0,2,4,3,Loyal Customers
25930591.1422187379,69,1,61.0,2,4,3,Loyal Customers
7753114948.4421244213,35,1,61.0,4,1,3,Need Attention
2221352.0772999791,17,2,61.0,5,5,3,Champions
53782595.8677191987,7,1,61.0,5,3,3,Potential Loyalists
10392780.6276540753,82,1,61.0,1,1,3,Hibernating
31016788.6587014996,24,1,60.0,4,2,3,Potential Loyalists
3732291.9617925883,48,1,60.0,3,1,3,Need Attention
8466512.3165163195,62,1,60.0,2,1,3,Hibernating
1296696.7251929026,66,1,60.0,2,1,3,Hibernating
56010660.0104477807,64,1,60.0,2,1,3,Hibernating
1439927.0145685301,67,1,60.0,2,2,3,Hibernating
30919230.3331476140,45,1,60.0,4,4,3,Champions
40360384.0007417112,46,1,60.0,4,3,3,Potential Loyalists
4335558.7768891561,59,2,60.0,2,5,3,Loyal Customers
55676797.5021268334,41,1,60.0,4,5,3,Champions
4297256.3583247994,47,1,60.0,4,4,3,Champions
3344699.5675826086,13,1,60.0,5,3,3,Potential Loyalists
41321784.8870049679,55,1,60.0,3,2,3,Need Attention
38686208.2125603721,92,1,60.0,1,2,3,Hibernating
69259915.5506299000,43,1,60.0,4,3,3,Potential Loyalists
58735415.2475008019,48,2,60.0,4,5,3,Champions
2265258.0325769455,53,1,60.0,3,1,3,Need Attention
1994473.4179397065,47,1,60.0,4,4,3,Champions
12801942.0744878035,89,1,60.0,1,4,3,Loyal Customers
1603505.5621824416,74,2,60.0,1,5,3,Loyal Customers
4296769.0350898725,12,2,60.0,5,5,3,Champions
9171293.1843144903,69,2,60.0,2,5,3,Loyal Customers
52565741.6337681069,70,2,60.0,2,5,3,Loyal Customers
5120677.2454523377,52,1,60.0,3,3,3,Need Attention
4970125.1163716142,55,2,60.0,3,5,3,Loyal Customers
6717719.5371562480,79,1,60.0,1,4,3,Loyal Customers
3597047.3508477413,66,2,60.0,2,5,3,Loyal Customers
4093390.4018374057,73,2,60.0,1,5,3,Loyal Customers
90326169.4943785433,72,2,60.0,1,5,3,Loyal Customers
7171483.9306816136,70,2,60.0,2,5,3,Loyal Customers
37312730.1216270172,69,1,60.0,2,2,3,Hibernating
8403882324.8733646119,46,1,60.0,4,4,3,Champions
36721083.2087862698,83,1,60.0,1,4,3,Loyal Customers
80824150.8927513505,46,1,60.0,4,3,3,Potential Loyalists
88356029.8584657787,40,1,60.0,4,2,3,Potential Loyalists
1854862.9557304483,55,1,60.0,3,5,3,Loyal Customers
44093840.8232543120,70,2,60.0,1,5,3,Loyal Customers
3562907.6727254901,75,1,60.0,1,3,3,At Risk
31613618.4993209758,91,1,59.0,1,1,3,Hibernating
3252255.8114865053,48,1,59.0,3,1,3,Need Attention
21679259.2288048672,68,2,59.0,2,5,3,Loyal Customers
2471419.8377180885,83,1,59.0,1,1,3,Hibernating
12910142.0755638588,39,1,59.0,4,1,3,Need Attention
2743599.5142228112,18,1,59.0,5,1,3,Need Attention
68689240.0741071008,92,1,59.0,1,2,3,Hibernating
2228267.9773362374,64,1,59.0,2,2,3,Hibernating
5157888.7472869085,39,1,59.0,4,2,3,Potential Loyalists
44574139.0210963180,69,1,59.0,2,2,3,Hibernating
54692431.8021457719,87,1,59.0,1,1,3,Hibernating
26171153.2712091151,40,3,59.0,4,5,3,Champions
74635951.8097844533,48,2,59.0,4,5,3,Champions
8872008.3003968101,79,1,59.0,1,3,3,At Risk
68075284.5240293543,43,1,59.0,4,3,3,Potential Loyalists
4777652.2980568851,47,1,59.0,4,2,3,Potential Loyalists
1873577.7239946701,26,1,59.0,4,2,3,Potential Loyalists
37603645.8224296625,62,1,58.0,2,2,3,Hibernating
65484697.9961257356,42,1,58.0,4,4,3,Champions
36692735.3914903406,51,1,58.0,3,1,3,Need Attention
56475484.4233223230,48,1,58.0,4,4,3,Champions
1394102.7869033217,7,1,58.0,5,4,3,Champions
74273229.0304300389,34,1,58.0,4,3,3,Potential Loyalists
56066621.9392870540,56,1,58.0,3,2,3,Need Attention
88244617.7250834425,54,1,58.0,3,4,3,Loyal Customers
5996473.2606177796,47,1,58.0,4,2,3,Potential Loyalists
6145836.1172580962,47,1,58.0,4,3,3,Potential Loyalists
6946816.3841849120,54,1,58.0,3,1,3,Need Attention
88155637.3076180121,91,1,58.0,1,1,3,Hibernating
62166305.8414280308,40,1,58.0,4,4,3,Champions
3534695.1368743879,63,1,58.0,2,1,3,Hibernating
20664857.0927270637,64,1,58.0,2,2,3,Hibernating
2232198.6371873310,56,1,58.0,3,2,3,Need Attention
8944117.0831290845,46,1,58.0,4,3,3,Potential Loyalists
5671461926.8532720409,18,2,58.0,5,5,3,Champions
5436485.8857572703,52,1,58.0,3,3,3,Need Attention
13072394.0835249988,83,1,58.0,1,2,3,Hibernating
52425787.4871890148,77,1,58.0,1,3,3,At Risk
32916395.5650273385,54,1,58.0,3,4,3,Loyal Customers
6852589435.5129465651,56,1,58.0,3,3,3,Need Attention
37163469.3831238391,87,1,58.0,1,3,3,At Risk
7782816.5155913272,45,1,58.0,4,1,3,Need Attention
5963534.4700679023,27,6,58.0,4,5,3,Champions
39443462.9852246899,91,1,58.0,1,1,3,Hibernating
4449681.9212786049,73,2,58.0,1,5,3,Loyal Customers
3800893.0734397867,63,1,58.0,2,3,3,At Risk
7194222.8464645996,14,1,58.0,5,3,3,Potential Loyalists
62738775.4729752170,91,1,58.0,1,1,3,Hibernating
22876548.9702869375,71,2,58.0,1,5,3,Loyal Customers
1055924025.4008704458,61,1,57.0,2,1,3,Hibernating
13140650.3592368904,79,1,57.0,1,1,3,Hibernating
6509345.0221361040,49,1,57.0,3,3,3,Need Attention
7312667.0266395141,27,1,57.0,4,4,3,Champions
25558125.8475774734,41,1,57.0,4,4,3,Champions
18844012.8867221379,49,1,57.0,3,1,3,Need Attention
47411552.9654999884,59,1,57.0,2,1,3,Hibernating
75857592.4215980562,82,1,57.0,1,4,3,Loyal Customers
1073768.8680631283,60,1,57.0,2,1,3,Hibernating
6291077.4211780324,45,1,57.0,4,4,3,Champions
9145316.2106521715,61,1,57.0,2,3,3,At Risk
31226161.5287682516,23,1,57.0,4,1,3,Need Attention
3060385.8652779159,70,2,56.0,2,5,3,Loyal Customers
19741720.4276120006,83,1,56.0,1,2,3,Hibernating
5704909.7519367722,81,2,56.0,1,5,3,Loyal Customers
64120104.5265891556,68,1,56.0,2,2,3,Hibernating
72883375.0508388309,8,1,56.0,5,2,3,Potential Loyalists
3354006.4211651279,31,1,56.0,4,1,3,Need Attention
42202949.1792651105,47,1,56.0,4,1,3,Need Attention
9130640.2139762011,90,1,56.0,1,4,3,Loyal Customers
6698829.2913246021,34,1,56.0,4,4,3,Champions
90467623.9340009368,56,1,56.0,3,3,3,Need Attention
28886785.0437982110,69,1,56.0,2,2,3,Hibernating
31022795.7870947773,56,1,56.0,3,3,3,Need Attention
3980652.4530069190,81,1,56.0,1,1,3,Hibernating
4670216.5107610379,59,1,56.0,2,1,3,Hibernating
66664648.4730020451,66,1,56.0,2,1,3,Hibernating
7296831617.1672065923,68,1,56.0,2,2,3,Hibernating
4339400.4609618009,86,1,56.0,1,4,3,Loyal Customers
5869321.8775547043,52,1,56.0,3,4,3,Loyal Customers
2608321.7754187990,66,1,56.0,2,4,3,Loyal Customers
8741663.0518466186,23,1,56.0,4,4,3,Champions
4362150.8708618344,17,1,56.0,5,1,3,Need Attention
25314370.6701468747,52,1,56.0,3,4,3,Loyal Customers
82463656.4683065478,52,1,56.0,3,4,3,Loyal Customers
38963130.1006713941,85,1,56.0,1,4,3,Loyal Customers
3628419.4816997781,63,1,56.0,2,2,3,Hibernating
77925772.4472848106,54,1,56.0,3,1,3,Need Attention
3353526.8991529393,89,1,56.0,1,1,3,Hibernating
36091629.1274862467,53,1,56.0,3,2,3,Need Attention
50900904.6507728330,46,3,56.0,4,5,3,Champions
9029010.8049284962,41,1,56.0,4,1,3,Need Attention
8446899326.9951195067,56,1,56.0,3,1,3,Need Attention
33411958.7357803214,17,1,55.0,5,1,3,Need Attention
76491344.7374736714,63,1,55.0,2,3,3,At Risk
68765362.4595750694,91,1,55.0,1,1,3,Hibernating
8611828.2907648280,80,1,55.0,1,2,3,Hibernating
90197407.6635841321,23,1,55.0,4,4,3,Champions
31182624.5907876994,20,1,55.0,5,2,3,Potential Loyalists
2077797.0559187989,80,1,55.0,1,2,3,Hibernating
66000056.3111790804,77,1,55.0,1,3,3,At Risk
91772028.3346381707,60,1,55.0,2,4,3,Loyal Customers
4939164.6753897903,59,1,55.0,2,4,3,Loyal Customers
1431530072.2996186071,42,1,55.0,4,4,3,Champions
1111007.3250339243,52,1,55.0,3,1,3,Need Attention
43332866.6587062300,54,1,55.0,3,5,3,Loyal Customers
23527570.8230617970,56,1,55.0,3,4,3,Loyal Customers
7309138.5083786544,17,1,55.0,5,3,3,Potential Loyalists
4055961.2903422421,69,1,55.0,2,4,3,Loyal Customers
1441375.7353918689,91,1,55.0,1,1,3,Hibernating
4565585.6143138051,11,1,55.0,5,4,3,Champions
7459046621.1245343481,12,1,55.0,5,1,3,Need Attention
1610487.4035868611,18,1,55.0,5,1,3,Need Attention
1853893.7153304782,22,1,55.0,5,2,3,Potential Loyalists
6408056.9668435806,7,1,55.0,5,1,3,Need Attention
28054315.0309622522,20,1,55.0,5,5,3,Champions
1827796.6933009711,19,1,55.0,5,2,3,Potential Loyalists
8362017.2427376623,12,1,55.0,5,4,3,Champions
1051154.0740172050,46,1,55.0,4,3,3,Potential Loyalists
38616734.5696400468,77,1,55.0,1,4,3,Loyal Customers
57655144.7573784360,43,1,55.0,4,3,3,Potential Loyalists
2788577.1997616723,83,1,55.0,1,1,3,Hibernating
6658580.2826042198,20,1,55.0,5,1,3,Need Attention
62196716.9012130319,66,1,55.0,2,3,3,At Risk
5118167.2731595773,87,1,55.0,1,1,3,Hibernating
5491018.4532696593,23,1,55.0,4,4,3,Champions
76814331.1397302587,47,1,55.0,4,4,3,Champions
33973499.7660446490,19,1,55.0,5,5,3,Champions
3314192.6404289351,67,1,55.0,2,1,3,Hibernating
23521075.3819657245,64,1,55.0,2,2,3,Hibernating
2989628.1463094396,19,1,55.0,5,2,3,Potential Loyalists
15883357.2519845193,6,1,55.0,5,4,3,Champions
3821554.9305104939,36,1,55.0,4,2,3,Potential Loyalists
21724072.4309728715,87,1,55.0,1,5,3,Loyal Customers
71770739.4629236606,89,1,55.0,1,3,3,At Risk
2059051.2925802862,60,1,55.0,2,4,3,Loyal Customers
58027853.8459267937,81,1,55.0,1,2,3,Hibernating
36563255.8188004692,76,1,55.0,1,4,3,Loyal Customers
8436901.9520785109,51,1,55.0,3,2,3,Need Attention
6037505.2082712603,75,1,55.0,1,4,3,Loyal Customers
5430975.7523687455,21,1,55.0,5,5,3,Champions
15109615.7675793031,82,1,55.0,1,1,3,Hibernating
82865714.7704602382,80,1,55.0,1,4,3,Loyal Customers
22163228.0919031513,76,1,55.0,1,1,3,Hibernating
78128827.9666182442,60,1,55.0,2,3,3,At Risk
3591282.5710466002,59,1,55.0,2,2,3,Hibernating
37657350.9876173824,5,2,55.0,5,5,3,Champions
18222174.8869767431,8,1,55.0,5,3,3,Potential Loyalists
4602632.8640945737,12,1,55.0,5,2,3,Potential Loyalists
3319193.5383281209,47,1,55.0,4,5,3,Champions
86676685.2128350161,61,1,55.0,2,3,3,At Risk
4939841.7691196568,18,1,55.0,5,1,3,Need Attention
16533293.5005173202,75,1,55.0,1,2,3,Hibernating
26045316.6076625887,6,2,55.0,5,5,3,Champions
28899899.4015353216,15,1,55.0,5,3,3,Potential Loyalists
8676958.1154553142,26,1,55.0,4,3,3,Potential Loyalists
3091736.0273308554,18,1,55.0,5,1,3,Need Attention
44446265.4202947785,54,1,55.0,3,1,3,Need Attention
87817726.5153482315,69,1,55.0,2,1,3,Hibernating
88260882.4631526417,18,2,55.0,5,5,3,Champions
3830673.4752434108,32,1,55.0,4,3,3,Potential Loyalists
2345933.9427223568,42,1,55.0,4,4,3,Champions
37308413.7975307957,75,1,55.0,1,2,3,Hibernating
7792798.8012084445,24,1,55.0,4,4,3,Champions
52484034.1270607566,57,1,55.0,3,2,3,Need Attention
6743101.4280021996,6,2,55.0,5,5,3,Champions
20492746.1993325002,6,2,55.0,5,5,3,Champions
2996087395.1661557719,18,1,55.0,5,4,3,Champions
9195830.2305180932,47,1,55.0,4,4,3,Champions
16187714.7521852436,90,1,55.0,1,2,3,Hibernating
85373859.0716916641,68,1,55.0,2,1,3,Hibernating
8331967.3536447879,20,1,55.0,5,1,3,Need Attention
7134697.0673803211,8,1,55.0,5,3,3,Potential Loyalists
28147494.8320259385,24,1,55.0,4,3,3,Potential Loyalists
7360520.4698929166,16,1,55.0,5,2,3,Potential Loyalists
7195542.3513817232,51,2,55.0,3,5,3,Loyal Customers
84183079.9532567931,16,1,54.0,5,2,3,Potential Loyalists
65308915.4516936442,40,1,54.0,4,1,3,Need Attention
2673583.9030483225,77,1,54.0,1,1,3,Hibernating
29357270.0363491359,61,1,54.0,2,2,3,Hibernating
51065226.4802983076,68,1,54.0,2,2,3,Hibernating
11176286.2780407108,63,1,54.0,2,2,3,Hibernating
3420993345.0374419686,66,1,54.0,2,1,3,Hibernating
5098405.2766662248,64,1,54.0,2,1,3,Hibernating
7474537327.4725745851,49,5,54.0,3,5,3,Loyal Customers
76741959.6484496859,83,1,54.0,1,1,3,Hibernating
3096891.2753343567,41,1,54.0,4,1,3,Need Attention
30920625.0665076655,52,1,54.0,3,3,3,Need Attention
7012652.4882388524,14,1,54.0,5,1,3,Need Attention
624755220.7269843161,65,1,54.0,2,3,3,At Risk
2079337.4521460084,10,1,54.0,5,2,3,Potential Loyalists
37788537.8066322578,54,1,54.0,3,4,3,Loyal Customers
50924450.1711753621,90,1,54.0,1,4,3,Loyal Customers
5266823.8519727676,49,1,54.0,3,4,3,Loyal Customers
9147051.8631635716,56,1,54.0,3,3,3,Need Attention
1686851.2728488495,57,1,54.0,3,1,3,Need Attention
59081669.9567203496,52,1,54.0,3,3,3,Need Attention
22956458.6924241706,46,1,54.0,4,1,3,Need Attention
77739287.4913869284,46,1,54.0,4,4,3,Champions
2197076402.0652907930,50,1,54.0,3,1,3,Need Attention
5254972.8889576683,56,1,54.0,3,1,3,Need Attention
38018259.3746869511,63,1,54.0,2,4,3,Loyal Customers
51457099.0051403619,80,1,54.0,1,4,3,Loyal Customers
2582329.7898470280,83,1,54.0,1,4,3,Loyal Customers
47064948.1011270917,81,1,54.0,1,1,3,Hibernating
64939560.5306054013,53,1,54.0,3,1,3,Need Attention
6314967.8772173324,40,1,54.0,4,2,3,Potential Loyalists
2400077.1013225386,68,1,53.0,2,4,3,Loyal Customers
4961808.5193881345,58,1,53.0,2,2,3,Hibernating
1192137.7038531452,63,1,53.0,2,4,3,Loyal Customers
82819933.0760343151,76,1,53.0,1,1,3,Hibernating
31104354.8267743011,88,1,53.0,1,2,3,Hibernating
30994156.8515094824,18,2,53.0,5,5,3,Champions
82950752.5128061216,81,1,53.0,1,4,3,Loyal Customers
79568568.3792342532,40,1,53.0,4,2,3,Potential Loyalists
31506927.2250214660,62,1,53.0,2,4,3,Loyal Customers
39055352.8212242473,68,1,53.0,2,2,3,Hibernating
9614593.5321513152,47,2,53.0,4,5,3,Champions
4135762.6906668593,9,1,53.0,5,1,3,Need Attention
23495951.1863781184,47,1,53.0,4,3,3,Potential Loyalists
6150769.8134733672,10,1,53.0,5,4,3,Champions
8852686.2320515436,16,1,53.0,5,4,3,Champions
683326924.1333014414,13,1,53.0,5,4,3,Champions
2505234.3838284690,55,1,53.0,3,2,3,Need Attention
63892836.9604585292,83,1,53.0,1,4,3,Loyal Customers
85948964.9264937278,81,1,53.0,1,2,3,Hibernating
67778099.0728510159,65,1,53.0,2,1,3,Hibernating
4300488.4056873382,58,1,53.0,3,5,3,Loyal Customers
27930167.3476656250,77,1,53.0,1,4,3,Loyal Customers
67563681.8255702488,52,1,52.0,3,4,3,Loyal Customers
5968218.6334399873,88,1,52.0,1,3,3,At Risk
46319929.6939274429,78,1,52.0,1,1,3,Hibernating
7528889.5973963363,65,1,52.0,2,1,3,Hibernating
3088496.7260661913,57,1,52.0,3,1,3,Need Attention
1767608.5293832909,71,2,52.0,1,5,3,Loyal Customers
25802072.3308665233,67,1,52.0,2,4,3,Loyal Customers
3138351.1080068706,18,1,52.0,5,3,3,Potential Loyalists
6901273.5838040643,53,1,52.0,3,1,3,Need Attention
61381411.6432434571,52,1,52.0,3,2,3,Need Attention
8262649.4698436698,80,1,52.0,1,2,3,Hibernating
29060616.4029163657,72,2,52.0,1,5,3,Loyal Customers
68546038.8820428933,31,1,52.0,4,1,3,Need Attention
47946831.1066900442,10,1,52.0,5,5,3,Champions
78626176.1558518743,52,1,52.0,3,4,3,Loyal Customers
76641875.4216482392,69,1,52.0,2,1,3,Hibernating
37070311.8314414799,90,1,52.0,1,3,3,At Risk
5477784.8158497690,60,1,52.0,2,2,3,Hibernating
20037471.8988089326,41,2,52.0,4,5,3,Champions
5820769.2126830378,7,1,52.0,5,1,3,Need Attention
7118581.9194840540,47,3,52.0,4,5,3,Champions
79174534.4918543276,42,1,52.0,4,4,3,Champions
3321484.6184098717,85,1,52.0,1,1,3,Hibernating
42813245.4172486522,61,2,52.0,2,5,3,Loyal Customers
6008274.6681672862,17,1,52.0,5,3,3,Potential Loyalists
3285062.2387469131,63,1,52.0,2,3,3,At Risk
51069406.8561317613,18,1,52.0,5,1,3,Need Attention
7329327.2927230381,32,1,52.0,4,1,3,Need Attention
81785259.9303843557,48,1,52.0,4,1,3,Need Attention
4894490.8422148166,52,1,51.0,3,1,3,Need Attention
8620049.6567104406,91,1,51.0,1,4,3,Loyal Customers
4327054.6013924240,59,1,51.0,2,4,3,Loyal Customers
76231143.0024341924,35,1,51.0,4,1,3,Need Attention
89838993.1618154078,63,3,51.0,2,5,3,Loyal Customers
3704982.3846524796,52,1,51.0,3,3,3,Need Attention
36361527.2151608516,12,1,51.0,5,4,3,Champions
4004380.6597524253,57,1,51.0,3,2,3,Need Attention
4753564.8168919712,23,1,51.0,4,2,3,Potential Loyalists
72935275.0852612888,7,1,51.0,5,1,3,Need Attention
13050580.3695394130,77,1,51.0,1,4,3,Loyal Customers
85426868.9776141044,63,1,51.0,2,1,3,Hibernating
2027197.2609813465,80,1,51.0,1,2,3,Hibernating
6457394.0467289981,24,1,51.0,4,3,3,Potential Loyalists
6997954.0657135279,85,1,51.0,1,3,3,At Risk
24957050.8596678061,34,1,50.0,4,3,3,Potential Loyalists
69753949.4679403396,46,1,50.0,4,2,3,Potential Loyalists
61749419.0629177892,33,1,50.0,4,2,3,Potential Loyalists
58749509.5865067460,25,1,50.0,4,1,3,Need Attention
42955001.0060658686,71,2,50.0,1,5,3,Loyal Customers
2329522.9183581193,10,1,50.0,5,1,3,Need Attention
68013390.7379951300,63,1,50.0,2,1,3,Hibernating
14077297.6378721533,10,1,50.0,5,1,3,Need Attention
2871704.5311484997,55,1,50.0,3,3,3,Need Attention
30722025.0159475730,52,1,50.0,3,2,3,Need Attention
76104371.5906818262,36,1,50.0,4,3,3,Potential Loyalists
61974636.1433743426,58,1,50.0,3,3,3,Need Attention
8990340.3316542817,76,1,50.0,1,2,3,Hibernating
80060316.2715878645,55,1,50.0,3,2,3,Need Attention
75429761.7297824940,63,1,50.0,2,2,3,Hibernating
8432100.8786702190,55,1,50.0,3,4,3,Loyal Customers
76792644.6351730563,91,1,50.0,1,3,3,At Risk
49499670.1702984658,45,1,50.0,4,4,3,Champions
38790830.3670861164,66,1,50.0,2,4,3,Loyal Customers
7864799.8818189964,81,1,50.0,1,1,3,Hibernating
80698776.0554444491,56,1,50.0,3,3,3,Need Attention
4926862.7997021695,80,1,50.0,1,1,3,Hibernating
6330521.7497245885,51,1,50.0,3,5,3,Loyal Customers
8636012.0348119478,68,1,50.0,2,3,3,At Risk
29388341.3019286848,34,1,50.0,4,2,3,Potential Loyalists
1341255108.8994929707,50,1,50.0,3,2,3,Need Attention
54901301.9847897724,41,1,50.0,4,4,3,Champions
6476704.8957418858,19,1,50.0,5,2,3,Potential Loyalists
37018412.5979992931,64,1,50.0,2,4,3,Loyal Customers
68720586.9636644846,17,1,50.0,5,3,3,Potential Loyalists
7677512.7553474604,60,1,50.0,2,2,3,Hibernating
4375573.9072744837,72,2,50.0,1,5,3,Loyal Customers
6677819.7333664713,83,1,50.0,1,3,3,At Risk
65521012.0988980989,56,2,50.0,3,5,3,Loyal Customers
2490104.6468368280,82,1,50.0,1,1,3,Hibernating
5729410.5717226626,53,1,50.0,3,1,3,Need Attention
61506894.3453397302,48,1,50.0,4,4,3,Champions
2817763.0128046767,90,1,50.0,1,4,3,Loyal Customers
1623303.0112065155,54,1,50.0,3,2,3,Need Attention
4588111.7628998264,15,1,50.0,5,2,3,Potential Loyalists
54571089.7076275652,54,1,50.0,3,1,3,Need Attention
1693400.8503839575,51,1,50.0,3,4,3,Loyal Customers
73999112.5658314974,52,1,50.0,3,4,3,Loyal Customers
90961633.7551221705,58,1,50.0,3,1,3,Need Attention
3641698.1854230862,89,1,49.0,1,3,3,At Risk
3399785.8423375214,61,1,49.0,2,2,3,Hibernating
77374057.3149574826,85,1,49.0,1,1,3,Hibernating
8870320.8143746417,57,1,49.0,3,3,3,Need Attention
5444414.6051845735,69,1,49.0,2,2,3,Hibernating
1818844.4617980620,35,2,49.0,4,5,3,Champions
7752642.5155419861,53,2,49.0,3,5,3,Loyal Customers
78684961.6003391059,67,1,49.0,2,1,3,Hibernating
5797412.4268230639,55,1,49.0,3,2,3,Need Attention
70092642.2710325772,54,2,49.0,3,5,3,Loyal Customers
2486666.7242035302,45,1,49.0,4,4,3,Champions
38735433.5774488720,81,1,49.0,1,3,3,At Risk
24377658.7213551870,27,1,49.0,4,1,3,Need Attention
5112454.3163120988,55,1,49.0,3,4,3,Loyal Customers
89492716.5386437517,91,1,49.0,1,1,3,Hibernating
60417695.6146324647,62,1,49.0,2,2,3,Hibernating
6149712.2144079674,53,1,49.0,3,3,3,Need Attention
11903760.9274306860,40,1,49.0,4,2,3,Potential Loyalists
8350155.0813400851,52,1,49.0,3,4,3,Loyal Customers
8339212.2465893300,45,3,49.0,4,5,3,Champions
63170790.9743904882,16,1,49.0,5,1,3,Need Attention
82678941.3895630154,65,1,49.0,2,3,3,At Risk
29317548.3063896358,61,1,49.0,2,1,3,Hibernating
16053296.2312130373,79,1,49.0,1,2,3,Hibernating
49060364.7793501464,68,1,48.0,2,3,3,At Risk
8577405.9053970649,45,1,48.0,4,2,3,Potential Loyalists
3868899112.4128253975,72,2,48.0,1,5,3,Loyal Customers
85359676.8060209084,73,2,48.0,1,5,3,Loyal Customers
67436238.4865042697,82,1,48.0,1,2,3,Hibernating
91371020.6942239229,50,1,48.0,3,2,3,Need Attention
90251492.3785965080,52,1,48.0,3,1,3,Need Attention
1333904.0818259561,55,1,48.0,3,4,3,Loyal Customers
25665114.3281659974,47,1,48.0,4,2,3,Potential Loyalists
67391455.3832286263,69,1,48.0,2,4,3,Loyal Customers
6392078.0886402403,58,2,48.0,2,5,3,Loyal Customers
7766490.6944439767,69,2,48.0,2,5,3,Loyal Customers
31396025.2931510776,36,1,48.0,4,1,3,Need Attention
4894078.6166673508,39,1,48.0,4,1,3,Need Attention
4513859.3844267868,90,1,48.0,1,3,3,At Risk
61075770.3143256951,70,2,48.0,1,5,3,Loyal Customers
40765276.6033983074,92,1,48.0,1,1,3,Hibernating
2097946.4286419562,48,2,48.0,4,5,3,Champions
5061885.3794873804,46,1,48.0,4,1,3,Need Attention
65011854.4911423052,48,1,48.0,3,4,3,Loyal Customers
42807215.0722008548,30,1,48.0,4,3,3,Potential Loyalists
31221912.1297666906,83,1,48.0,1,1,3,Hibernating
70430928.9867363250,70,2,48.0,1,5,3,Loyal Customers
2139760586.0871468639,54,1,48.0,3,1,3,Need Attention
45275825.1846507675,18,1,48.0,5,4,3,Champions
49338484.8834497287,70,2,48.0,2,5,3,Loyal Customers
83806353.9025860739,21,1,48.0,5,1,3,Need Attention
8180003.1007682591,68,1,48.0,2,3,3,At Risk
84164695.9377083921,24,1,48.0,4,1,3,Need Attention
3667408.0384265629,51,1,48.0,3,3,3,Need Attention
3055730.7915438788,38,1,48.0,4,3,3,Potential Loyalists
34023241.0497666523,76,1,48.0,1,2,3,Hibernating
8985775.9464037855,77,1,48.0,1,2,3,Hibernating
6257810.1983753715,10,1,48.0,5,4,3,Champions
89509806.8702117822,40,1,48.0,4,3,3,Potential Loyalists
17687643.0735161866,67,1,48.0,2,2,3,Hibernating
2582683.5950078298,62,2,48.0,2,5,3,Loyal Customers
53982377.9231749924,80,1,48.0,1,1,3,Hibernating
44550490.2728862693,8,1,48.0,5,2,3,Potential Loyalists
4999996.3974619938,66,1,48.0,2,4,3,Loyal Customers
12340605.6061903393,52,1,48.0,3,2,3,Need Attention
22641180.4696400962,56,1,48.0,3,1,3,Need Attention
28488428.3107136582,85,1,48.0,1,3,3,At Risk
1686049.6825406467,79,1,48.0,1,3,3,At Risk
4179598.1109922526,61,1,48.0,2,4,3,Loyal Customers
3959033.4213259227,50,1,48.0,3,1,3,Need Attention
8760245.3046399244,90,1,48.0,1,2,3,Hibernating
1697570.3789044764,89,1,48.0,1,2,3,Hibernating
84593755.9527466218,60,1,48.0,2,4,3,Loyal Customers
25681781.7210716874,76,3,48.0,1,5,3,Loyal Customers
71840844.1071904695,3,1,48.0,5,1,3,Need Attention
7674529.8817175135,64,1,48.0,2,3,3,At Risk
2610547.9973555647,46,1,48.0,4,1,3,Need Attention
2865598.3084956057,52,1,48.0,3,3,3,Need Attention
61639621.2489023125,58,1,48.0,3,2,3,Need Attention
58792057.6572980874,60,1,48.0,2,2,3,Hibernating
4464438.3217455173,47,1,48.0,4,2,3,Potential Loyalists
22744686.3986317453,52,1,48.0,3,1,3,Need Attention
3324563.2508640633,51,1,48.0,3,3,3,Need Attention
67176331.9443014432,48,1,48.0,4,3,3,Potential Loyalists
19161188.2303605487,59,1,48.0,2,4,3,Loyal Customers
90535239.2552572855,65,1,48.0,2,2,3,Hibernating
35307335.0847619857,74,2,48.0,1,5,3,Loyal Customers
66787047.1916957378,22,1,48.0,5,2,3,Potential Loyalists
58921879.4348134368,65,1,48.0,2,2,3,Hibernating
6186645.2069480711,62,1,48.0,2,2,3,Hibernating
19216505.5989680749,45,1,48.0,4,1,3,Need Attention
28988900.6959315645,27,2,48.0,4,5,3,Champions
11576602.4389743015,58,1,48.0,2,2,3,Hibernating
50919330.4135170953,62,1,48.0,2,2,3,Hibernating
32591508.2385963314,27,1,48.0,4,1,3,Need Attention
14490611.1661326108,44,1,48.0,4,4,3,Champions
2912765.2807032809,75,2,48.0,1,5,3,Loyal Customers
56136935.4839413206,42,1,48.0,4,3,3,Potential Loyalists
34140706.2517225165,63,1,48.0,2,3,3,At Risk
85958053.1882781212,15,1,48.0,5,3,3,Potential Loyalists
69394153.6174338025,54,1,48.0,3,4,3,Loyal Customers
45449104.5311744269,50,1,48.0,3,3,3,Need Attention
3741233.8033150785,18,1,48.0,5,4,3,Champions
7687174.7764454759,41,1,48.0,4,2,3,Potential Loyalists
6849736.6701665513,54,1,48.0,3,4,3,Loyal Customers
30195839.9356669513,90,1,48.0,1,4,3,Loyal Customers
17809571.4308076628,59,1,48.0,2,3,3,At Risk
92072022.0613567200,75,1,48.0,1,3,3,At Risk
63844773.7751809422,68,1,48.0,2,1,3,Hibernating
85053757.5306091239,60,1,48.0,2,2,3,Hibernating
1951144.2472590359,77,1,48.0,1,1,3,Hibernating
14233481.9298635081,73,2,48.0,1,5,3,Loyal Customers
12289461.3486454330,41,1,48.0,4,4,3,Champions
18352719.3439042150,54,1,48.0,3,5,3,Loyal Customers
75939083.3310904019,15,1,48.0,5,1,3,Need Attention
2387737.8440654529,26,2,48.0,4,5,3,Champions
39689879.5114355808,46,1,48.0,4,2,3,Potential Loyalists
2145702.3346455915,77,1,48.0,1,4,3,Loyal Customers
4292153.8730497072,75,2,48.0,1,5,3,Loyal Customers
6282998.3933758831,27,1,48.0,4,1,3,Need Attention
41795773.8713685819,61,1,48.0,2,1,3,Hibernating
60865680.9694385103,70,2,48.0,1,5,3,Loyal Customers
3486854476.9405742384,60,2,48.0,2,5,3,Loyal Customers
7422585.0092141768,88,1,47.0,1,2,3,Hibernating
48021850.9548849913,90,1,47.0,1,3,3,At Risk
35163365.5527160856,52,1,47.0,3,3,3,Need Attention
18078079.4939254401,47,1,47.0,4,4,3,Champions
9205226.1141427861,12,1,47.0,5,1,3,Need Attention
61878973.9611156034,45,1,47.0,4,4,3,Champions
31743724.0178994523,42,1,47.0,4,3,3,Potential Loyalists
18340222.5020006403,47,1,47.0,4,3,3,Potential Loyalists
8505047.5966597243,77,1,47.0,1,1,3,Hibernating
6086858.9440406777,56,2,47.0,3,5,3,Loyal Customers
5786975.5949263265,66,1,47.0,2,2,3,Hibernating
5066816.6257375639,66,1,47.0,2,4,3,Loyal Customers
7487576.1318301102,17,1,47.0,5,5,3,Champions
5250455.6726775304,11,1,47.0,5,2,3,Potential Loyalists
4055873.2804573216,77,1,47.0,1,3,3,At Risk
2172982.0369247075,68,1,47.0,2,3,3,At Risk
4277978.4789473638,83,1,47.0,1,2,3,Hibernating
6994218673.7734712667,7,1,47.0,5,4,3,Champions
6430802.0723483089,51,1,46.0,3,1,3,Need Attention
26025218.0052930242,51,1,46.0,3,2,3,Need Attention
71723112.6543112989,77,1,46.0,1,2,3,Hibernating
8806541.1000901339,59,1,46.0,2,2,3,Hibernating
71568861.8035326636,28,1,46.0,4,2,3,Potential Loyalists
28421703.8529299274,82,1,46.0,1,3,3,At Risk
4405280.4717578167,56,1,46.0,3,3,3,Need Attention
89569133.8053314611,65,1,46.0,2,4,3,Loyal Customers
3825667.2959178074,10,1,46.0,5,2,3,Potential Loyalists
9137360.0374794753,60,1,46.0,2,5,3,Loyal Customers
52461093.3056333183,27,1,46.0,4,4,3,Champions
86272927.5845958008,26,1,46.0,4,3,3,Potential Loyalists
8058011.9985023895,55,1,46.0,3,3,3,Need Attention
2030522.5498187060,49,1,46.0,3,2,3,Need Attention
58435410.6859710315,46,1,46.0,4,3,3,Potential Loyalists
5633735326.3489844334,77,1,46.0,1,4,3,Loyal Customers
8921633.6194140757,12,1,46.0,5,2,3,Potential Loyalists
5094830.1357312948,51,1,46.0,3,1,3,Need Attention
1189643.6653312879,84,1,46.0,1,4,3,Loyal Customers
48028670.1890447028,62,1,46.0,2,1,3,Hibernating
75838009.2952049398,88,1,46.0,1,3,3,At Risk
1813744.3260699232,47,1,46.0,4,3,3,Potential Loyalists
13043200.8424953018,84,1,46.0,1,3,3,At Risk
39882887.2837298291,72,2,46.0,1,5,3,Loyal Customers
89978465.7775557150,54,1,46.0,3,4,3,Loyal Customers
6828468.1695203512,92,1,46.0,1,1,3,Hibernating
1583669.4669902363,44,1,46.0,4,4,3,Champions
51848909.4124639592,75,2,46.0,1,5,3,Loyal Customers
8388141.0328660035,53,1,46.0,3,4,3,Loyal Customers
71409956.2205600982,77,1,46.0,1,2,3,Hibernating
74159065.7287032878,81,1,46.0,1,3,3,At Risk
46010751.7411577969,51,1,46.0,3,2,3,Need Attention
5969626.2225772933,40,1,46.0,4,4,3,Champions
88242023.2250072869,66,1,46.0,2,2,3,Hibernating
74795146.0535576826,78,1,46.0,1,3,3,At Risk
73574974.1950894507,17,1,46.0,5,4,3,Champions
30013802.7072681119,55,1,46.0,3,4,3,Loyal Customers
23674832.5390192642,21,1,46.0,5,1,3,Need Attention
22638210.8808133147,59,1,46.0,2,1,3,Hibernating
1808232.5654454206,81,1,46.0,1,1,3,Hibernating
3275662.1589628371,48,1,46.0,4,4,3,Champions
1414295036.1450204305,73,2,46.0,1,5,3,Loyal Customers
85710661.4085161843,82,1,46.0,1,4,3,Loyal Customers
75941642.3432570745,47,1,46.0,4,4,3,Champions
12421089.9072096366,19,1,46.0,5,1,3,Need Attention
58280513.2382319085,20,1,46.0,5,1,3,Need Attention
30278968.0133142697,52,1,46.0,3,3,3,Need Attention
8675116.8463156282,52,1,46.0,3,2,3,Need Attention
61969665.2429682443,50,1,46.0,3,4,3,Loyal Customers
50750994.6140589985,62,1,46.0,2,1,3,Hibernating
20066086.9470097903,61,1,46.0,2,2,3,Hibernating
7889953.7669030217,56,1,46.0,3,3,3,Need Attention
56556427.1030557935,56,1,46.0,3,1,3,Need Attention
1867943.5297361314,61,1,45.0,2,3,3,At Risk
28182246.9243158427,67,2,45.0,2,5,3,Loyal Customers
90781020.1958966537,65,1,45.0,2,3,3,At Risk
8842537.8992314512,48,1,45.0,3,3,3,Need Attention
27469370.6585996420,58,1,45.0,3,2,3,Need Attention
79604591.5283536350,45,1,45.0,4,4,3,Champions
11810836.6933173715,19,1,45.0,5,2,3,Potential Loyalists
3090061.7241121971,68,1,45.0,2,1,3,Hibernating
46574324.9683380755,28,1,45.0,4,1,3,Need Attention
3581483.4847779204,52,1,45.0,3,1,3,Need Attention
6662036.7879446573,55,1,45.0,3,5,3,Loyal Customers
1774459.5444377617,51,1,45.0,3,4,3,Loyal Customers
2143235.6844408208,52,1,45.0,3,2,3,Need Attention
2828935.7139974273,51,1,45.0,3,4,3,Loyal Customers
11349260.6217093900,82,1,45.0,1,4,3,Loyal Customers
21879794.5087489628,11,1,44.0,5,1,3,Need Attention
36423903.0766482765,40,1,44.0,4,4,3,Champions
2515516062.2539840036,13,1,44.0,5,3,3,Potential Loyalists
72819503.7856622601,59,1,44.0,2,1,3,Hibernating
6220202.4224592569,71,2,44.0,1,5,3,Loyal Customers
31609110.7543527400,77,1,44.0,1,2,3,Hibernating
49882860.4695240275,48,1,44.0,3,4,3,Loyal Customers
75194502.2750916231,69,1,44.0,2,2,3,Hibernating
65547429.6412161315,52,1,44.0,3,3,3,Need Attention
6564582209.9323018306,83,1,44.0,1,3,3,At Risk
1641119.5758861487,12,1,44.0,5,1,3,Need Attention
4463451705.5977494978,56,1,44.0,3,1,3,Need Attention
7248576.9056418159,52,1,44.0,3,2,3,Need Attention
8680294.6850188531,63,1,44.0,2,4,3,Loyal Customers
79374863.6543228947,46,1,44.0,4,1,3,Need Attention
2641867.9314009131,76,1,44.0,1,1,3,Hibernating
61617905.2566081537,20,1,44.0,5,4,3,Champions
30740141.8312828467,60,1,44.0,2,1,3,Hibernating
61404200.9076938118,68,1,44.0,2,3,3,At Risk
9691978.5306663074,56,1,44.0,3,4,3,Loyal Customers
12887118.8383244818,61,1,44.0,2,1,3,Hibernating
5706554.1170445750,69,1,44.0,2,1,3,Hibernating
21904266.4182981661,42,1,44.0,4,4,3,Champions
1019527.5799124267,58,1,44.0,2,3,3,At Risk
23687755.9277542049,71,2,44.0,1,5,3,Loyal Customers
43265328.8204538553,58,1,44.0,2,4,3,Loyal Customers
8162222.7054678468,46,1,44.0,4,4,3,Champions
53032448.0456415388,69,1,44.0,2,3,3,At Risk
73762577.7816457600,35,1,44.0,4,4,3,Champions
9928812608.5027107928,20,1,44.0,5,4,3,Champions
6924220.6153390244,46,1,44.0,4,3,3,Potential Loyalists
93726689.1651052227,53,1,44.0,3,3,3,Need Attention
50211779.9982683242,36,1,44.0,4,1,3,Need Attention
56510127.1423902903,83,1,44.0,1,1,3,Hibernating
76343549.7157495802,77,1,44.0,1,3,3,At Risk
83151527.5488193754,90,1,44.0,1,4,3,Loyal Customers
52272156.5892056410,56,1,44.0,3,3,3,Need Attention
4059472.8389313570,8,1,44.0,5,2,3,Potential Loyalists
57239293.4773997184,83,1,44.0,1,3,3,At Risk
74327423.0129277030,62,1,44.0,2,4,3,Loyal Customers
11323811.0415184273,47,4,44.0,4,5,3,Champions
7842652.9637647224,9,1,44.0,5,2,3,Potential Loyalists
7982465.7564916416,53,1,44.0,3,1,3,Need Attention
65958191.5856647416,53,1,44.0,3,4,3,Loyal Customers
1270026.4390167050,48,1,44.0,4,3,3,Potential Loyalists
12423250.3788580907,60,1,44.0,2,2,3,Hibernating
65189665.2053976806,24,1,44.0,4,1,3,Need Attention
6006535.5168372354,75,1,44.0,1,2,3,Hibernating
5929458.1756161248,82,1,44.0,1,1,3,Hibernating
3683946.7006356487,84,2,44.0,1,5,3,Loyal Customers
66981107.6275848264,42,1,44.0,4,3,3,Potential Loyalists
44214862.9846951804,60,1,44.0,2,4,3,Loyal Customers
77375656.7088433360,58,1,44.0,2,3,3,At Risk
56660152.7616232682,72,2,44.0,1,5,3,Loyal Customers
91380786.2722892117,71,2,44.0,1,5,3,Loyal Customers
56892325.6022498962,17,1,44.0,5,2,3,Potential Loyalists
8356454.4021523791,60,1,44.0,2,3,3,At Risk
4579730.2657947414,67,1,44.0,2,4,3,Loyal Customers
91719952.3430360124,21,1,44.0,5,4,3,Champions
2221470.3700307056,76,1,44.0,1,2,3,Hibernating
78168128.9514766972,62,1,44.0,2,2,3,Hibernating
2676882.9156197037,55,1,44.0,3,4,3,Loyal Customers
12213703.3562085871,38,1,44.0,4,2,3,Potential Loyalists
1191134210.2761732740,62,1,44.0,2,4,3,Loyal Customers
6307506.0897275676,63,1,44.0,2,4,3,Loyal Customers
4164125.0295010106,7,1,44.0,5,4,3,Champions
63443649.8962444427,58,1,44.0,3,2,3,Need Attention
4812713.8439320005,60,1,44.0,2,1,3,Hibernating
4147940.4606723766,12,1,44.0,5,1,3,Need Attention
6049306.9124313007,54,1,44.0,3,4,3,Loyal Customers
5006017.9527228232,86,1,44.0,1,3,3,At Risk
91950347.7626682265,78,1,44.0,1,3,3,At Risk
2190489673.9207557312,7,1,44.0,5,1,3,Need Attention
57319697.6904534846,24,1,44.0,4,4,3,Champions
34228859.9056439264,53,1,44.0,3,1,3,Need Attention
1874742.4444474598,80,1,44.0,1,1,3,Hibernating
1826170.8537903139,61,1,44.0,2,1,3,Hibernating
3180182.4942152148,62,1,44.0,2,2,3,Hibernating
40387173.9002245801,26,1,44.0,4,2,3,Potential Loyalists
63610908.4449794079,62,1,44.0,2,1,3,Hibernating
1328818.5745830395,61,1,44.0,2,1,3,Hibernating
5983009.7119136524,44,1,44.0,4,4,3,Champions
8492573.4581422273,59,1,44.0,2,3,3,At Risk
57268788.8001579631,70,2,44.0,1,5,3,Loyal Customers
5303282.2843811139,70,2,44.0,1,5,3,Loyal Customers
29538225.3205476258,54,1,44.0,3,2,3,Need Attention
73892202.6179415969,77,1,44.0,1,1,3,Hibernating
17583205.9222318480,63,1,44.0,2,1,3,Hibernating
90591201.2047859379,40,2,44.0,4,5,3,Champions
36262615.4677124061,50,1,44.0,3,1,3,Need Attention
59440318.5200475785,66,2,44.0,2,5,3,Loyal Customers
49824355.4882118513,17,1,44.0,5,2,3,Potential Loyalists
82508817.4629191879,79,1,44.0,1,5,3,Loyal Customers
34601914.8335175706,19,1,44.0,5,1,3,Need Attention
32766754.5230428763,15,1,43.0,5,3,3,Potential Loyalists
48856615.5342430257,44,1,43.0,4,4,3,Champions
7330479.6061874897,55,1,43.0,3,5,3,Loyal Customers
57149023.8916404973,50,1,43.0,3,1,3,Need Attention
42803854.7029077775,56,1,43.0,3,2,3,Need Attention
93790140.2924262721,63,2,43.0,2,5,3,Loyal Customers
55241319.9922727768,35,1,43.0,4,3,3,Potential Loyalists
5161098.0325326264,50,1,43.0,3,1,3,Need Attention
51071588.2298808294,53,1,43.0,3,4,3,Loyal Customers
4064498101.4865231659,48,1,43.0,3,1,3,Need Attention
58350081.9428565346,33,1,43.0,4,2,3,Potential Loyalists
34557263.4880284615,45,1,43.0,4,2,3,Potential Loyalists
18137603.8233478362,48,1,43.0,4,4,3,Champions
2036422.8911886857,54,1,43.0,3,1,3,Need Attention
4429575.3550051489,59,1,43.0,2,3,3,At Risk
3809244.0879396963,87,1,43.0,1,2,3,Hibernating
8321530.6782220255,40,1,42.0,4,4,3,Champions
50246082.1575523882,20,1,42.0,5,4,3,Champions
9102715.4021885811,10,1,42.0,5,3,3,Potential Loyalists
7639149.4871168002,52,1,42.0,3,2,3,Need Attention
75073588.1859607099,73,2,42.0,1,5,3,Loyal Customers
3313947.5635420971,18,1,42.0,5,1,3,Need Attention
5444054.0299206594,33,3,42.0,4,5,3,Champions
5901521.9913022764,61,1,42.0,2,3,3,At Risk
6989932.8832534125,53,3,42.0,3,5,3,Loyal Customers
73449982.7685842628,63,1,42.0,2,4,3,Loyal Customers
46436321.7372563843,71,2,42.0,1,5,3,Loyal Customers
59728514.6794390622,7,2,42.0,5,5,3,Champions
70008639.1042474260,40,1,42.0,4,3,3,Potential Loyalists
8922626.4347602444,6,3,42.0,5,5,3,Champions
4333028.2735100637,48,1,42.0,4,2,3,Potential Loyalists
5734190.8608391738,80,1,42.0,1,4,3,Loyal Customers
3730938.2489234023,10,2,42.0,5,5,3,Champions
60067158.9754150018,12,1,42.0,5,2,3,Potential Loyalists
35733270.6791628940,63,1,42.0,2,3,3,At Risk
7698474.4473587620,78,1,42.0,1,1,3,Hibernating
7853261.6242439603,91,1,42.0,1,2,3,Hibernating
43382307.1290802082,30,1,42.0,4,3,3,Potential Loyalists
53989140.2218322723,45,3,42.0,4,5,3,Champions
72959035.2192369480,28,1,42.0,4,3,3,Potential Loyalists
4690975558.5693388345,70,2,42.0,2,5,3,Loyal Customers
37978348.7910375072,80,1,42.0,1,5,3,Loyal Customers
2875615.9187615278,60,1,42.0,2,1,3,Hibernating
90389075.6135376881,41,1,42.0,4,3,3,Potential Loyalists
76370387.0865247378,52,1,42.0,3,1,3,Need Attention
8318901.1862922120,53,1,42.0,3,3,3,Need Attention
7162398.2588038279,54,1,42.0,3,1,3,Need Attention
5118314977.7329883809,55,1,42.0,3,2,3,Need Attention
7859149.7466935504,53,1,42.0,3,2,3,Need Attention
18096538.3296121239,56,1,42.0,3,4,3,Loyal Customers
41038964.1300925220,50,1,42.0,3,1,3,Need Attention
56300115.7478494951,76,1,42.0,1,2,3,Hibernating
2208253.9762452467,60,1,42.0,2,3,3,At Risk
7895459.8128031842,81,1,42.0,1,1,3,Hibernating
1835497.6148304380,83,1,42.0,1,4,3,Loyal Customers
8874942.8045385315,8,1,41.0,5,4,3,Champions
2357729.7337895516,42,1,41.0,4,4,3,Champions
40073340.7794376474,69,1,41.0,2,2,3,Hibernating
2181565.6699530832,51,1,41.0,3,3,3,Need Attention
7985640.7516718007,44,1,41.0,4,1,3,Need Attention
2393244.2245274301,7,1,41.0,5,3,3,Potential Loyalists
8652924.8665305102,50,1,41.0,3,3,3,Need Attention
90269155.5005493831,44,1,41.0,4,3,3,Potential Loyalists
89373027.0828185288,87,1,41.0,1,1,3,Hibernating
1669048.7348890098,40,1,41.0,4,1,3,Need Attention
2170882.2918427094,63,1,41.0,2,3,3,At Risk
3441773.4810399029,65,1,41.0,2,5,3,Loyal Customers
84161213.3604424306,46,1,41.0,4,3,2,Potential Loyalists
16788587.4608873331,82,1,41.0,1,1,2,Hibernating
81182117.7869823509,41,1,41.0,4,3,3,Potential Loyalists
8474883.1476714634,61,1,41.0,2,5,2,Loyal Customers
46714149.5501637443,42,1,41.0,4,1,3,Need Attention
7203299.0738212869,18,1,41.0,5,3,3,Potential Loyalists
8894775.5253595050,29,1,41.0,4,4,3,Champions
80877062.4308635765,61,1,41.0,2,3,3,At Risk
58107154.5830605950,18,1,41.0,5,5,3,Champions
5689198.4051733166,48,1,41.0,4,4,3,Champions
81316650.3622535312,41,1,41.0,4,5,3,Champions
5885098.5400804724,45,1,41.0,4,2,3,Potential Loyalists
8407414.5461879117,53,1,41.0,3,2,3,Need Attention
31713671.8301075277,76,1,41.0,1,1,3,Hibernating
77715782.6700264816,59,1,41.0,2,2,3,Hibernating
3694504.8835378753,55,1,41.0,3,3,3,Need Attention
1765130.1889939374,52,1,40.0,3,4,2,Loyal Customers
37274779.4842178220,49,1,40.0,3,4,2,Loyal Customers
25524352.7325280300,46,1,40.0,4,1,2,Need Attention
90921943.8748639559,52,1,40.0,3,2,2,Need Attention
18954300.0486555383,36,1,40.0,4,5,2,Champions
4031468.2204724824,80,1,40.0,1,4,2,Loyal Customers
2084240.0091353365,82,1,40.0,1,1,2,Hibernating
4036650209.1454214037,64,1,40.0,2,2,2,Hibernating
6305601780.6598938086,63,1,40.0,2,2,2,Hibernating
73857569.3456666922,59,1,40.0,2,3,2,At Risk
7576454.7446983097,58,1,40.0,2,1,2,Hibernating
18574166.5670947032,39,1,40.0,4,3,2,Potential Loyalists
81766978.2033601689,32,1,40.0,4,3,2,Potential Loyalists
1367377.3916474675,63,1,40.0,2,1,2,Hibernating
78412371.3141968463,54,1,40.0,3,2,2,Need Attention
12425101.9463695702,82,1,40.0,1,1,2,Hibernating
25641126.8268292253,53,1,40.0,3,2,2,Need Attention
14702008.5250023594,79,1,40.0,1,2,2,Hibernating
8771490.8337193983,10,1,40.0,5,4,2,Champions
8687815.2855089496,44,1,40.0,4,1,2,Need Attention
16313863.6263510052,82,1,40.0,1,3,2,At Risk
5929298.3495046149,55,1,40.0,3,1,2,Need Attention
14288415.9138667516,60,1,40.0,2,2,2,Hibernating
5277361.6865370550,60,1,40.0,2,3,2,At Risk
1050089385.0196776808,55,1,40.0,3,2,2,Need Attention
16488643.1532840480,9,1,40.0,5,2,2,Potential Loyalists
1565944.2403531565,19,1,40.0,5,3,2,Potential Loyalists
30393122.5908151107,77,1,40.0,1,4,2,Loyal Customers
5711591.4799331450,64,1,40.0,2,4,2,Loyal Customers
4655775.4039345493,32,1,40.0,4,5,2,Champions
8280658.3204517423,48,2,40.0,4,5,2,Champions
52556132.9245922809,65,1,40.0,2,4,2,Loyal Customers
55823440.4699535570,52,1,40.0,3,4,2,Loyal Customers
43084392.6309586985,42,1,40.0,4,2,2,Potential Loyalists
43914136.5300631729,61,1,40.0,2,3,2,At Risk
22958599.0567519404,69,2,40.0,2,5,2,Loyal Customers
93878179.6755259380,68,1,40.0,2,2,2,Hibernating
17321543.6104652631,70,4,40.0,2,5,2,Loyal Customers
4955405.5625257698,52,1,40.0,3,1,2,Need Attention
5001471.2370722840,54,1,40.0,3,3,2,Need Attention
30860744.4931842361,66,1,40.0,2,3,2,At Risk
2276343.3518223441,90,1,40.0,1,2,2,Hibernating
7013729.3490992264,74,2,40.0,1,5,2,Loyal Customers
1120390.5481159886,16,2,40.0,5,5,2,Champions
86522586.9268325271,41,1,40.0,4,4,2,Champions
91330895.7800746773,74,2,40.0,1,5,2,Loyal Customers
83794944.2381968800,51,1,40.0,3,3,2,Need Attention
83601101.4910877022,60,1,40.0,2,4,2,Loyal Customers
84066312.1151239105,55,1,40.0,3,1,2,Need Attention
2439157.8112239984,62,1,40.0,2,1,2,Hibernating
49434402.8306205049,45,1,40.0,4,4,2,Champions
1955996.6496160858,18,1,40.0,5,2,2,Potential Loyalists
3444436.2585949378,84,1,40.0,1,4,2,Loyal Customers
2798155.8136359339,89,4,40.0,1,5,2,Loyal Customers
3092972535.1252782928,23,1,40.0,4,1,2,Need Attention
3462101.1320245746,43,1,40.0,4,3,2,Potential Loyalists
6914129.2054037797,12,1,40.0,5,4,2,Champions
54702927.8397025036,64,1,40.0,2,2,2,Hibernating
2128096.6237048343,63,1,40.0,2,1,2,Hibernating
60189896.9468765048,68,1,40.0,2,2,2,Hibernating
4791333.8597888638,48,1,40.0,4,3,2,Potential Loyalists
43690856.5510407395,74,2,40.0,1,5,2,Loyal Customers
4496984646.3938240261,53,1,39.0,3,1,2,Need Attention
85593304.3386213690,61,1,39.0,2,3,2,At Risk
50451938.7860703031,87,1,39.0,1,4,2,Loyal Customers
5811878.7074429725,76,1,39.0,1,1,2,Hibernating
57481596.7184472027,40,1,39.0,4,1,2,Need Attention
80017305.4643797115,44,1,39.0,4,3,2,Potential Loyalists
7466332512.8576653585,57,1,39.0,3,1,2,Need Attention
7311472.7624692736,41,1,39.0,4,3,2,Potential Loyalists
73925756.8578616626,46,1,39.0,4,4,2,Champions
22342515.7470426533,63,1,39.0,2,2,2,Hibernating
2964823.8798022419,60,1,39.0,2,2,2,Hibernating
59000875.5738627368,52,1,39.0,3,2,2,Need Attention
69193300.1901961273,33,1,39.0,4,1,2,Need Attention
2304744.2118775235,40,1,39.0,4,4,2,Champions
77148477.7275137664,69,1,39.0,2,1,2,Hibernating
4769532.2724009973,46,2,39.0,4,5,2,Champions
5079875.2814181516,43,1,39.0,4,4,2,Champions
87035146.0717707336,37,1,39.0,4,1,2,Need Attention
2783014.3813479767,31,1,39.0,4,1,2,Need Attention
71887902.6884854131,39,1,39.0,4,5,2,Champions
45336872.3281971341,83,1,39.0,1,1,2,Hibernating
5589070.6656952788,48,1,39.0,4,4,2,Champions
75897668.9066103152,53,1,39.0,3,2,2,Need Attention
57752699.8373496520,57,1,39.0,3,1,2,Need Attention
13920649.2254386208,58,1,39.0,3,2,2,Need Attention
2429571.6695145065,22,1,39.0,4,2,2,Potential Loyalists
6990021.3233589029,10,1,39.0,5,4,2,Champions
23842696.8053963370,52,1,39.0,3,3,2,Need Attention
31450884.9129417592,25,2,39.0,4,5,2,Champions
60336405.2238717338,81,1,38.0,1,4,2,Loyal Customers
2509185.9771834952,80,1,38.0,1,4,2,Loyal Customers
5769896.1495177245,54,1,38.0,3,2,2,Need Attention
52442763.3102020102,21,1,38.0,5,5,2,Champions
7569765.1116906393,50,1,38.0,3,2,2,Need Attention
30097569.9708723596,66,1,38.0,2,4,2,Loyal Customers
50892470.6625582395,51,1,38.0,3,4,2,Loyal Customers
62972640.1817910937,40,2,38.0,4,5,2,Champions
40733555.3406191674,56,1,38.0,3,1,2,Need Attention
8633997.7206561612,49,1,38.0,3,4,2,Loyal Customers
29303146.9109541223,83,1,38.0,1,2,2,Hibernating
26047087.5754406645,52,1,38.0,3,2,2,Need Attention
72570282.3030113750,81,1,38.0,1,3,2,At Risk
1647483481.5867462181,62,1,38.0,2,1,2,Hibernating
21503964.5896255118,91,1,38.0,1,3,2,At Risk
7164249.0567395189,48,1,38.0,3,2,2,Need Attention
84648306.3969263834,51,1,38.0,3,3,2,Need Attention
8441965.3425764752,59,1,38.0,2,4,2,Loyal Customers
7668287.6909784405,77,1,38.0,1,3,2,At Risk
85684311.8708196319,68,2,38.0,2,5,2,Loyal Customers
2502435.3548835289,24,1,38.0,4,4,2,Champions
2794254.3713155121,57,1,38.0,3,4,2,Loyal Customers
80133734.9366717619,14,1,38.0,5,2,2,Potential Loyalists
2232981444.3331731762,46,1,38.0,4,4,2,Champions
8112206.8437064088,53,1,38.0,3,1,2,Need Attention
1789139.4506132619,81,1,38.0,1,1,2,Hibernating
7041469.0077640784,80,1,38.0,1,4,2,Loyal Customers
43046171.3957940556,76,1,38.0,1,2,2,Hibernating
21534599.7083446640,80,1,38.0,1,2,2,Hibernating
7185915.0641916024,53,1,38.0,3,3,2,Need Attention
80431044.0006326452,69,1,38.0,2,1,2,Hibernating
20631378.7981176516,26,1,38.0,4,2,2,Potential Loyalists
1859363.5805703761,44,1,38.0,4,2,2,Potential Loyalists
16239791.9542908331,9,1,38.0,5,1,2,Need Attention
75867292.5873201259,10,1,38.0,5,4,2,Champions
27918283.4779947292,48,1,38.0,3,4,2,Loyal Customers
7990665.4091043591,56,1,38.0,3,3,2,Need Attention
4638232.0352195209,76,1,38.0,1,2,2,Hibernating
39866692.5262622897,52,1,38.0,3,4,2,Loyal Customers
61771796.6934450948,6,1,38.0,5,3,2,Potential Loyalists
71159593.7865196265,59,1,38.0,2,3,2,At Risk
1996506.7082614036,53,2,38.0,3,5,2,Loyal Customers
5455639.8114457551,82,1,38.0,1,3,2,At Risk
8067602.4980547079,66,1,38.0,2,3,2,At Risk
19653803.6448556150,59,1,38.0,2,3,2,At Risk
52907871.5751917450,45,1,38.0,4,1,2,Need Attention
27837683.7442937238,14,1,38.0,5,3,2,Potential Loyalists
2280241.7950036696,6,1,38.0,5,1,2,Need Attention
2847475.1550624346,54,1,38.0,3,1,2,Need Attention
92062493.3833471412,52,1,38.0,3,3,2,Need Attention
120213587.8623308554,54,1,38.0,3,3,2,Need Attention
66913143.5379490723,59,1,38.0,2,2,2,Hibernating
26486289.7514037038,41,1,38.0,4,1,2,Need Attention
3637854995.9255566540,45,1,38.0,4,3,2,Potential Loyalists
7022586.5745594604,48,1,38.0,3,2,2,Need Attention
8915586.3181420442,81,1,38.0,1,2,2,Hibernating
5448801.1228248851,91,1,38.0,1,3,2,At Risk
69351842.3886353708,10,1,38.0,5,1,2,Need Attention
22959829.9343465806,77,1,38.0,1,2,2,Hibernating
7158462.4817271255,73,2,38.0,1,5,2,Loyal Customers
9047104.0893275400,63,1,37.0,2,1,2,Hibernating
4327707.3138884195,63,1,37.0,2,2,2,Hibernating
5417909.9483509940,87,1,37.0,1,1,2,Hibernating
6084015318.6542135581,52,1,37.0,3,2,2,Need Attention
83598464.4899967855,21,1,37.0,5,1,2,Need Attention
88898171.1110922469,54,1,37.0,3,2,2,Need Attention
9038823.9978976976,64,1,37.0,2,4,2,Loyal Customers
53644656.5102958866,35,1,37.0,4,2,2,Potential Loyalists
9164025.9398913430,20,1,37.0,5,3,2,Potential Loyalists
1872347.3287993263,66,1,37.0,2,4,2,Loyal Customers
64111634.0525729328,89,1,37.0,1,4,2,Loyal Customers
39652472.1809478185,20,1,37.0,5,2,2,Potential Loyalists
2935483.4809296529,38,1,37.0,4,4,2,Champions
3090773.1638763101,33,1,37.0,4,2,2,Potential Loyalists
79944589.6932026672,26,1,37.0,4,1,2,Need Attention
28887365.2174306769,53,1,37.0,3,3,2,Need Attention
2704631.3551672775,46,1,37.0,4,4,2,Champions
64698662.8088634426,21,1,37.0,5,3,2,Potential Loyalists
7462913.7605411929,47,1,37.0,4,4,2,Champions
4710634349.7097972137,86,1,37.0,1,4,2,Loyal Customers
69458824.5462655089,54,1,37.0,3,3,2,Need Attention
59427000.7305194715,46,1,37.0,4,4,2,Champions
2801511.1336263011,47,1,37.0,4,2,2,Potential Loyalists
90945046.7404900107,25,1,37.0,4,2,2,Potential Loyalists
56420768.6036947271,22,1,37.0,5,3,2,Potential Loyalists
42405038.8323381302,67,1,37.0,2,4,2,Loyal Customers
34360015.5039813275,76,1,37.0,1,3,2,At Risk
3112347.1388526373,53,1,37.0,3,3,2,Need Attention
53850146.2835026123,84,1,37.0,1,1,2,Hibernating
49445326.2132641450,62,1,37.0,2,4,2,Loyal Customers
19388075.6152731843,90,1,37.0,1,4,2,Loyal Customers
2408620.3153034500,52,1,37.0,3,1,2,Need Attention
1457551.9813423359,77,1,37.0,1,3,2,At Risk
1889615.7425182611,61,1,37.0,2,3,2,At Risk
41668828.3934590990,43,1,37.0,4,1,2,Need Attention
80093970.4310926841,12,1,36.0,5,2,2,Potential Loyalists
8343874.6047306465,60,1,36.0,2,1,2,Hibernating
79475746.1929628694,49,1,36.0,3,4,2,Loyal Customers
13917611.4949733025,68,1,36.0,2,3,2,At Risk
49705018.4806836426,52,1,36.0,3,4,2,Loyal Customers
4057844.0148876553,62,1,36.0,2,3,2,At Risk
2288007.4516543064,18,3,36.0,5,5,2,Champions
8726025.7712289207,41,1,36.0,4,4,2,Champions
26632304.5067429285,51,1,36.0,3,1,2,Need Attention
1720255.4510701421,32,2,36.0,4,5,2,Champions
70133129.7678205313,12,1,36.0,5,3,2,Potential Loyalists
2213203.3846940178,50,1,36.0,3,3,2,Need Attention
91179760.4838146379,39,1,36.0,4,5,2,Champions
81842590.3577131570,71,2,36.0,1,5,2,Loyal Customers
1157377.2578859967,20,1,36.0,5,2,2,Potential Loyalists
3217435.2746747741,51,1,36.0,3,2,2,Need Attention
85312914.8686882545,54,1,36.0,3,1,2,Need Attention
7450806.9278139932,40,1,36.0,4,4,2,Champions
24406398.9461098819,69,2,36.0,2,5,2,Loyal Customers
40569893.9835575904,30,1,36.0,4,3,2,Potential Loyalists
3958978.4221705170,53,1,36.0,3,4,2,Loyal Customers
20777248.7133453876,56,1,36.0,3,1,2,Need Attention
7742237.5794101746,25,2,36.0,4,5,2,Champions
35052066.2813337110,90,1,36.0,1,4,2,Loyal Customers
3438183.9839922441,71,2,36.0,1,5,2,Loyal Customers
35522671.6536677001,67,1,36.0,2,3,2,At Risk
6426167445.5684515638,61,1,36.0,2,3,2,At Risk
2588693.4592272163,7,1,35.0,5,3,2,Potential Loyalists
55542931.7084954193,33,1,35.0,4,3,2,Potential Loyalists
15127451.7298076642,69,1,35.0,2,3,2,At Risk
65476879.2983809506,41,1,35.0,4,2,2,Potential Loyalists
3002649.2698625312,91,1,35.0,1,4,2,Loyal Customers
86241653.8282757080,51,2,35.0,3,5,2,Loyal Customers
4115631247.9768785574,21,1,35.0,5,1,2,Need Attention
8602528.7218802080,12,1,35.0,5,3,2,Potential Loyalists
5502112.0184769802,62,1,35.0,2,2,2,Hibernating
39631980.9180761075,56,1,35.0,3,4,2,Loyal Customers
78574452.5051085059,80,1,35.0,1,1,2,Hibernating
42140555.7829005979,40,1,35.0,4,2,2,Potential Loyalists
5573347986.2620254802,37,1,35.0,4,2,2,Potential Loyalists
5242740.3027110338,80,1,35.0,1,4,2,Loyal Customers
16678335.8235637155,19,1,35.0,5,2,2,Potential Loyalists
8078316166.4051385989,56,1,35.0,3,2,2,Need Attention
50471872.4769330494,53,1,35.0,3,2,2,Need Attention
45644670.7272314798,53,1,35.0,3,4,2,Loyal Customers
44279480.2313790874,35,1,35.0,4,4,2,Champions
75931866.5607018779,60,1,35.0,2,1,2,Hibernating
5395593.7397446796,7,1,35.0,5,3,2,Potential Loyalists
3491055.9457511166,24,1,35.0,4,3,2,Potential Loyalists
6949486.3374084385,51,1,35.0,3,1,2,Need Attention
7576757.5213068778,90,1,35.0,1,2,2,Hibernating
4911450789.3427208665,60,1,35.0,2,2,2,Hibernating
45479032.7200143782,19,1,35.0,5,1,2,Need Attention
3261850.2252714982,64,1,35.0,2,1,2,Hibernating
24390067.7154104169,26,1,35.0,4,1,2,Need Attention
2151615.4640508633,59,2,35.0,2,5,2,Loyal Customers
52110755.0377972217,90,1,35.0,1,3,2,At Risk
29578272.7881196478,76,1,35.0,1,5,2,Loyal Customers
68610454.7061615878,49,1,35.0,3,3,2,Need Attention
76560981.1459804484,89,1,34.0,1,1,2,Hibernating
83481361.1817813904,67,1,34.0,2,3,2,At Risk
57516363.5758729134,79,1,34.0,1,2,2,Hibernating
15817556.8554808751,31,1,34.0,4,4,2,Champions
47731614.5840289942,50,3,34.0,3,5,2,Loyal Customers
7863708.5056381393,46,1,34.0,4,2,2,Potential Loyalists
4977232.4990575638,73,2,34.0,1,5,2,Loyal Customers
80041864.0490284375,77,1,34.0,1,3,2,At Risk
13951556.2585301904,56,1,34.0,3,1,2,Need Attention
558932409.3066394174,84,1,34.0,1,2,2,Hibernating
36638696.4029295753,92,1,34.0,1,2,2,Hibernating
5117578.4667811771,43,1,34.0,4,3,2,Potential Loyalists
87989440.4518895303,66,1,34.0,2,1,2,Hibernating
7017656.9728222666,48,1,34.0,4,2,2,Potential Loyalists
6405125.4983649700,63,1,34.0,2,2,2,Hibernating
1405881.0137309906,69,2,34.0,2,5,2,Loyal Customers
49456942.0436829148,29,1,34.0,4,2,2,Potential Loyalists
5155902.6841929449,61,1,34.0,2,1,2,Hibernating
42349620.0357124530,12,1,34.0,5,2,2,Potential Loyalists
2237956.5050268893,58,1,34.0,3,4,2,Loyal Customers
91752450.9472635719,60,1,34.0,2,5,2,Loyal Customers
71814363.9032514415,83,1,34.0,1,1,2,Hibernating
3346211.7809045271,66,1,34.0,2,1,2,Hibernating
5906845.8126343817,91,1,34.0,1,2,2,Hibernating
86162767.5474345521,14,1,34.0,5,3,2,Potential Loyalists
5849526.6650530231,46,1,34.0,4,3,2,Potential Loyalists
60250165.3437538758,63,1,34.0,2,4,2,Loyal Customers
1353275.7298249705,53,1,34.0,3,1,2,Need Attention
4397356.7184930279,12,1,34.0,5,1,2,Need Attention
45350993.6558584379,76,1,34.0,1,1,2,Hibernating
2073739361.5459460949,64,1,34.0,2,1,2,Hibernating
88839607.3955437015,42,1,34.0,4,2,2,Potential Loyalists
43988972.6002488363,9,1,34.0,5,4,2,Champions
48838373.9495436619,49,1,34.0,3,4,2,Loyal Customers
65189693.2787755996,56,1,34.0,3,2,2,Need Attention
8692054.6479171047,68,1,34.0,2,1,2,Hibernating
71796570.8728856988,21,1,34.0,5,2,2,Potential Loyalists
65032571.6974969637,80,1,34.0,1,1,2,Hibernating
80838445.3375614761,61,1,34.0,2,2,2,Hibernating
41405209.5902280874,84,1,34.0,1,2,2,Hibernating
8179718.6284010746,83,1,34.0,1,3,2,At Risk
66095345.4369472046,54,1,34.0,3,4,2,Loyal Customers
43794605.3591233670,82,1,34.0,1,1,2,Hibernating
6715131.8917852498,58,1,34.0,2,1,2,Hibernating
4645081.6751269573,46,1,33.0,4,2,2,Potential Loyalists
56647918.6347686533,61,1,33.0,2,4,2,Loyal Customers
85629786.1702442200,13,1,33.0,5,4,2,Champions
71948032.1971599305,55,1,33.0,3,1,2,Need Attention
5178872.1333704262,13,1,33.0,5,3,2,Potential Loyalists
5846466.3241896799,67,1,33.0,2,1,2,Hibernating
53271954.4292633938,76,1,33.0,1,2,2,Hibernating
37723285.2538097035,88,1,33.0,1,1,2,Hibernating
8871391487.5124506086,62,1,33.0,2,2,2,Hibernating
4987157.9547809982,53,1,33.0,3,2,2,Need Attention
42345555.1307000410,36,1,33.0,4,1,2,Need Attention
81748942.8201234491,63,1,33.0,2,3,2,At Risk
44454431.4398109406,83,1,33.0,1,1,2,Hibernating
8462310.9138030395,76,1,33.0,1,3,2,At Risk
66638267.7996007059,55,1,33.0,3,4,2,Loyal Customers
53447288.4859183003,3,1,33.0,5,3,2,Potential Loyalists
3291867.8966101730,50,1,33.0,3,4,2,Loyal Customers
4205366.2704658968,9,1,33.0,5,5,2,Champions
4579624.7993134890,67,1,33.0,2,4,2,Loyal Customers
2933565.9541430158,24,1,33.0,4,1,2,Need Attention
61476220.5706681203,34,1,33.0,4,1,2,Need Attention
3992214.0329365184,46,1,33.0,4,2,2,Potential Loyalists
80438623.0484704119,62,1,33.0,2,3,2,At Risk
8327781.0896379000,17,1,32.0,5,2,2,Potential Loyalists
2807952.5889704218,51,1,32.0,3,1,2,Need Attention
27046025.0676756993,56,1,32.0,3,1,2,Need Attention
54090297.3676008653,68,1,32.0,2,3,2,At Risk
21732519.8875634255,83,1,32.0,1,2,2,Hibernating
89390038.6968892645,37,1,32.0,4,5,2,Champions
2475908.3733656464,82,1,32.0,1,2,2,Hibernating
22646362.7872198387,18,1,32.0,5,5,2,Champions
65073430.5364943640,15,1,32.0,5,3,2,Potential Loyalists
12381181.9705732116,67,1,32.0,2,2,2,Hibernating
2233163.7526757311,46,1,32.0,4,2,2,Potential Loyalists
8626279.3419238923,7,1,32.0,5,4,2,Champions
3174709.0579247943,87,1,32.0,1,2,2,Hibernating
56113189.2026367185,54,1,32.0,3,3,2,Need Attention
3047630756.3515974247,90,1,32.0,1,1,2,Hibernating
57746381.0758593356,10,1,32.0,5,2,2,Potential Loyalists
20295806.6156999491,68,1,32.0,2,1,2,Hibernating
5924938.3864146348,60,1,32.0,2,2,2,Hibernating
1541006.6168463275,21,1,32.0,5,2,2,Potential Loyalists
61771221.3119798942,60,1,32.0,2,1,2,Hibernating
71766434.3843515045,47,1,32.0,4,2,2,Potential Loyalists
1962634.4928996507,10,1,32.0,5,1,2,Need Attention
46589160.1790293902,76,1,32.0,1,4,2,Loyal Customers
43441783.1252215019,48,1,32.0,4,4,2,Champions
2757842.7557872041,82,1,32.0,1,4,2,Loyal Customers
23399303.4851199483,68,1,32.0,2,4,2,Loyal Customers
55259187.0625874272,68,1,32.0,2,3,2,At Risk
12140400.0943472141,70,2,32.0,1,5,2,Loyal Customers
68296803.9320657032,67,1,32.0,2,3,2,At Risk
26602266.2623964235,71,2,32.0,1,5,2,Loyal Customers
5298181.7137406370,61,1,32.0,2,2,2,Hibernating
42807268.6210242414,81,1,32.0,1,3,2,At Risk
80818976.3243168408,7,1,32.0,5,4,2,Champions
7295755.2837047873,45,1,32.0,4,2,2,Potential Loyalists
63900303.6682627760,50,1,32.0,3,2,2,Need Attention
3051995.7094224224,91,1,32.0,1,3,2,At Risk
6088376299.3777008465,10,1,32.0,5,2,2,Potential Loyalists
91748843.1982893872,82,1,32.0,1,4,2,Loyal Customers
8879691.4852058514,71,2,32.0,1,5,2,Loyal Customers
5278589.0330428155,53,1,32.0,3,2,2,Need Attention
5550109.1370911778,32,2,32.0,4,5,2,Champions
38686065.3125953359,88,1,32.0,1,1,2,Hibernating
40787617.1411349210,62,1,32.0,2,5,2,Loyal Customers
7483147.7826019574,59,1,32.0,2,2,2,Hibernating
8174650.3231261607,47,2,32.0,4,5,2,Champions
5821699.6269671490,48,1,32.0,3,1,2,Need Attention
3776548.7070412643,49,1,32.0,3,2,2,Need Attention
2245395.1305178140,24,1,32.0,4,1,2,Need Attention
18663613.9337289544,80,1,32.0,1,3,2,At Risk
61586940.0980633671,86,1,32.0,1,3,2,At Risk
83959468.9388485041,69,1,32.0,2,5,2,Loyal Customers
57179457.0983496273,87,1,32.0,1,3,2,At Risk
15689194.2101305412,47,1,32.0,4,3,2,Potential Loyalists
31903614.8832440737,46,1,32.0,4,2,2,Potential Loyalists
6928131.1957452634,82,1,32.0,1,1,2,Hibernating
11303624.3432609630,68,1,32.0,2,4,2,Loyal Customers
5989927.0424246858,10,1,32.0,5,3,2,Potential Loyalists
7794073.9916956251,45,2,32.0,4,5,2,Champions
55674966.6766215495,87,1,32.0,1,1,2,Hibernating
1890178.6076718573,52,1,32.0,3,4,2,Loyal Customers
28394349.8695847806,55,1,32.0,3,1,2,Need Attention
83567287.4802807332,47,1,32.0,4,3,2,Potential Loyalists
6524949.7576513689,53,1,32.0,3,1,2,Need Attention
94023659.9782845125,12,1,32.0,5,3,2,Potential Loyalists
6363623135.4270133281,28,1,32.0,4,3,2,Potential Loyalists
39845693.8115714569,18,1,32.0,5,5,2,Champions
1655781.0131717336,39,1,32.0,4,1,2,Need Attention
67005637.6761486039,78,1,32.0,1,1,2,Hibernating
13106788.7513677357,40,1,32.0,4,2,2,Potential Loyalists
46914181.4204010860,14,1,32.0,5,4,2,Champions
27672883.7917801712,49,1,32.0,3,4,2,Loyal Customers
3641209645.6574548402,82,1,32.0,1,3,2,At Risk
66893006.1942990677,53,1,32.0,3,4,2,Loyal Customers
4048182.4740766081,44,1,32.0,4,3,2,Potential Loyalists
4050591.4743585452,90,1,32.0,1,2,2,Hibernating
26275601.6544751761,13,1,32.0,5,3,2,Potential Loyalists
30804246.1427824751,87,1,32.0,1,5,2,Loyal Customers
8893175.3937909394,50,2,32.0,3,5,2,Loyal Customers
4202156.8314255445,75,2,32.0,1,5,2,Loyal Customers
4681297.3857867397,10,1,32.0,5,2,2,Potential Loyalists
3396468.5841648021,52,1,32.0,3,1,2,Need Attention
8947475.8090315077,46,2,32.0,4,5,2,Champions
70761379.0400304865,92,1,32.0,1,1,2,Hibernating
40980474.3890528687,38,1,32.0,4,2,2,Potential Loyalists
4977139.8804366424,38,1,32.0,4,1,2,Need Attention
55808853.8197957326,55,1,31.0,3,3,2,Need Attention
7054156.8209924713,35,2,31.0,4,5,2,Champions
55031053.4391048781,58,1,31.0,2,4,2,Loyal Customers
68234443.7976288983,61,2,31.0,2,5,2,Loyal Customers
85358226.8287152806,77,1,31.0,1,1,2,Hibernating
8163514.4352723536,63,1,31.0,2,2,2,Hibernating
2963858.6846171680,12,1,31.0,5,4,2,Champions
23114430.1190664770,61,1,31.0,2,5,2,Loyal Customers
91174078.7673253115,21,1,31.0,5,3,2,Potential Loyalists
2265878.0595059594,25,1,31.0,4,1,2,Need Attention
31890386.5353531582,41,1,31.0,4,3,2,Potential Loyalists
6685051.1345603732,7,1,31.0,5,1,2,Need Attention
3939504.5647002823,52,1,31.0,3,1,2,Need Attention
5369092.7248176831,83,1,31.0,1,1,2,Hibernating
5913077.9676627457,18,1,31.0,5,4,2,Champions
86936215.6636494751,65,1,31.0,2,4,2,Loyal Customers
7782987.2202660950,65,1,30.0,2,4,2,Loyal Customers
5528800.9735472185,52,1,30.0,3,1,2,Need Attention
83712753.2730874013,42,1,30.0,4,3,2,Potential Loyalists
4060012085.8130998558,62,1,30.0,2,4,2,Loyal Customers
29984667.0363731894,86,1,30.0,1,3,2,At Risk
76702541.1934185664,83,1,30.0,1,4,2,Loyal Customers
1539940.5253610440,57,1,30.0,3,3,2,Need Attention
7209172.2039208722,18,1,30.0,5,3,2,Potential Loyalists
5693966.5489946629,84,1,30.0,1,2,2,Hibernating
6044179.9713391423,67,1,30.0,2,2,2,Hibernating
2730927.7085420398,83,1,30.0,1,3,2,At Risk
16462431.2283594309,90,1,30.0,1,4,2,Loyal Customers
33738162.6871557290,46,1,30.0,4,1,2,Need Attention
55393762.6527940741,35,1,30.0,4,4,2,Champions
39900664.0026836871,40,1,30.0,4,3,2,Potential Loyalists
2963253.5021141584,49,1,30.0,3,4,2,Loyal Customers
29759315.8320980944,37,1,30.0,4,2,2,Potential Loyalists
54416199.2185558214,41,1,30.0,4,1,2,Need Attention
17857622.4039601610,83,1,30.0,1,4,2,Loyal Customers
29862051.3410454388,51,1,30.0,3,4,2,Loyal Customers
47489797.9423500206,55,1,30.0,3,3,2,Need Attention
9074382.1600140595,68,1,30.0,2,2,2,Hibernating
3729857539.9270422454,59,1,30.0,2,1,2,Hibernating
75634947.6789263686,44,1,30.0,4,2,2,Potential Loyalists
78211977.6758580767,88,1,30.0,1,2,2,Hibernating
8231820.2044663288,55,1,30.0,3,1,2,Need Attention
4793087.3513596462,79,1,30.0,1,2,2,Hibernating
26890766.3795079711,67,1,30.0,2,3,2,At Risk
3434475.4232528961,26,1,30.0,4,1,2,Need Attention
38358825.7762836486,66,1,30.0,2,3,2,At Risk
4327637.5684056733,45,1,30.0,4,2,2,Potential Loyalists
8272346.3449861049,8,1,30.0,5,3,2,Potential Loyalists
5290414.1717903521,41,1,30.0,4,4,2,Champions
62700534.0597733300,84,1,30.0,1,4,2,Loyal Customers
11370250.6795005807,65,1,30.0,2,4,2,Loyal Customers
33022040.1288126111,49,1,30.0,3,2,2,Need Attention
42281226.0048478307,43,1,30.0,4,4,2,Champions
5379051.4217596849,40,1,30.0,4,4,2,Champions
4049303306.2165018214,56,1,30.0,3,3,2,Need Attention
87631466.4751678619,46,1,30.0,4,2,2,Potential Loyalists
60082841.6448395764,53,1,30.0,3,3,2,Need Attention
17275574.8888353986,60,1,30.0,2,3,2,At Risk
67357054.9566811359,59,1,30.0,2,4,2,Loyal Customers
2756907.5463530964,75,1,30.0,1,2,2,Hibernating
58118425.1462158305,66,1,30.0,2,3,2,At Risk
82626745.7161424218,65,1,30.0,2,1,2,Hibernating
87783631.7181333086,76,1,30.0,1,4,2,Loyal Customers
608996910.5910525740,52,1,30.0,3,3,2,Need Attention
5593077.5585824179,15,1,30.0,5,4,2,Champions
11464749.3857585224,59,1,30.0,2,1,2,Hibernating
2402576.2075653416,44,1,30.0,4,4,2,Champions
55931358.6296383621,44,2,30.0,4,5,2,Champions
73431959.6176671772,62,1,30.0,2,4,2,Loyal Customers
50131723.8552639593,8,2,30.0,5,5,2,Champions
4646569700.1915538567,55,1,30.0,3,4,2,Loyal Customers
89951518.2076537475,9,1,30.0,5,2,2,Potential Loyalists
83240333.3705200960,13,2,30.0,5,5,2,Champions
8501593.9535639008,62,1,30.0,2,2,2,Hibernating
33674005.7210109037,51,1,30.0,3,4,2,Loyal Customers
12370832.6369217133,77,1,30.0,1,4,2,Loyal Customers
4022952.2986902042,81,1,30.0,1,2,2,Hibernating
25454947.3736396716,85,1,30.0,1,2,2,Hibernating
21649681.6658615467,87,1,30.0,1,3,2,At Risk
7733438.2383751247,20,1,30.0,5,4,2,Champions
8758227.8253327672,76,1,30.0,1,2,2,Hibernating
49012248.5451635004,81,1,30.0,1,2,2,Hibernating
1835311.3955349126,17,1,30.0,5,3,2,Potential Loyalists
6188604028.5732045441,48,1,30.0,4,2,2,Potential Loyalists
7595660.4464003027,54,1,30.0,3,4,2,Loyal Customers
2779209.0075261161,59,1,30.0,2,2,2,Hibernating
52407464.0313773688,55,1,30.0,3,5,2,Loyal Customers
56713607.9805564965,3,1,30.0,5,4,2,Champions
40059472.6231450399,38,1,30.0,4,3,2,Potential Loyalists
26028748.6639337274,47,1,30.0,4,3,2,Potential Loyalists
30129503.7074362162,77,1,30.0,1,4,2,Loyal Customers
60361702.2534944937,24,1,30.0,4,2,2,Potential Loyalists
6030522.6567948401,67,1,30.0,2,1,2,Hibernating
56804998.5738212356,49,1,30.0,3,2,2,Need Attention
7526600.8101698809,57,1,30.0,3,4,2,Loyal Customers
70890906.1784265451,43,1,30.0,4,3,2,Potential Loyalists
6483982.5492987889,66,1,30.0,2,2,2,Hibernating
5298703.0397867175,51,1,30.0,3,3,2,Need Attention
27150223.0167628853,42,3,30.0,4,5,2,Champions
13492985.1319836896,65,1,30.0,2,2,2,Hibernating
2840146.1505910825,81,1,30.0,1,4,2,Loyal Customers
16382639.4243528287,87,1,30.0,1,1,2,Hibernating
16244779.6271795162,46,1,30.0,4,3,2,Potential Loyalists
65142264.5403230916,62,1,30.0,2,2,2,Hibernating
3754421.5686844742,60,1,30.0,2,2,2,Hibernating
7491772.4402157850,78,1,30.0,1,4,2,Loyal Customers
30498398.9352285320,65,1,30.0,2,4,2,Loyal Customers
61993137.2687500012,41,1,30.0,4,3,2,Potential Loyalists
6674901.0569662140,90,1,30.0,1,3,2,At Risk
1765514.3967459271,34,1,30.0,4,3,2,Potential Loyalists
4722225.2022353473,58,1,30.0,3,1,2,Need Attention
3111676283.5909814874,48,2,30.0,3,5,2,Loyal Customers
42828842.6548813455,67,1,30.0,2,4,2,Loyal Customers
1365954.5278744848,66,1,29.0,2,1,2,Hibernating
8958500.8855707284,59,1,29.0,2,3,2,At Risk
5023092.7188978811,8,1,29.0,5,3,2,Potential Loyalists
3174198569.0794616310,61,1,29.0,2,4,2,Loyal Customers
8755294.0883074326,55,1,29.0,3,5,2,Loyal Customers
7136789.5111613653,68,1,29.0,2,1,2,Hibernating
27433238.8199790608,54,1,29.0,3,4,2,Loyal Customers
81822575.7298912032,18,1,29.0,5,2,2,Potential Loyalists
9195004.6212941553,24,1,29.0,4,3,2,Potential Loyalists
80465212.0037269782,64,1,29.0,2,1,2,Hibernating
38282273.1536713376,68,1,29.0,2,2,2,Hibernating
1163427.9837807307,81,1,29.0,1,1,2,Hibernating
63844412.3659435709,46,1,29.0,4,4,2,Champions
7808489.0343492791,76,1,29.0,1,2,2,Hibernating
3507860.1870168218,56,1,29.0,3,4,2,Loyal Customers
4974239.1610363322,5,1,29.0,5,2,2,Potential Loyalists
2212017.2642371952,45,1,29.0,4,3,2,Potential Loyalists
70726544.7957329257,24,1,29.0,4,4,2,Champions
5565016.9227598069,84,1,29.0,1,2,2,Hibernating
6020319.3841039807,55,1,29.0,3,2,2,Need Attention
2887992.0327461909,52,1,29.0,3,4,2,Loyal Customers
24039713.3893436235,63,1,28.0,2,5,2,Loyal Customers
7906945.0841694882,86,1,28.0,1,1,2,Hibernating
62524109.3161787418,29,1,28.0,4,2,2,Potential Loyalists
15702700.6482035586,59,1,28.0,2,3,2,At Risk
45719839.0725596842,22,1,28.0,5,2,2,Potential Loyalists
68901715.3203526989,52,1,28.0,3,1,2,Need Attention
6882191.5520315726,70,2,28.0,2,5,2,Loyal Customers
25633552.7333010872,76,1,28.0,1,1,2,Hibernating
9472467.1656937415,24,1,28.0,4,3,2,Potential Loyalists
1204621.8982188321,80,1,28.0,1,2,2,Hibernating
2885429.0157235569,29,1,28.0,4,1,2,Need Attention
78130429.4925267502,45,1,28.0,4,4,2,Champions
92067045.1629152825,82,1,28.0,1,1,2,Hibernating
74546001.3718778256,76,1,28.0,1,3,2,At Risk
36617700.9924531429,53,1,28.0,3,4,2,Loyal Customers
21590807.9258004934,13,1,28.0,5,3,2,Potential Loyalists
47604125.6375976952,69,1,28.0,2,2,2,Hibernating
25974912.9608293940,10,1,28.0,5,3,2,Potential Loyalists
18328443.2080319353,60,1,28.0,2,3,2,At Risk
60280907.5030142759,49,1,28.0,3,4,2,Loyal Customers
46864690.7092927333,54,1,28.0,3,4,2,Loyal Customers
21387540.3778769856,86,1,28.0,1,3,2,At Risk
10905693.2254980815,79,1,28.0,1,4,2,Loyal Customers
3337025.1445600731,81,1,28.0,1,1,2,Hibernating
45823533.2084380423,48,1,28.0,3,2,2,Need Attention
41838139.7242475574,13,1,28.0,5,3,2,Potential Loyalists
8764422.5504594869,63,1,28.0,2,3,2,At Risk
9216625.5237279736,53,1,28.0,3,1,2,Need Attention
4748147.0896463590,53,1,28.0,3,3,2,Need Attention
77276609.4416542415,72,2,28.0,1,5,2,Loyal Customers
13500156.3163927651,10,1,28.0,5,2,2,Potential Loyalists
7757973.7783845224,90,1,28.0,1,2,2,Hibernating
43134343.6477848844,10,1,28.0,5,1,2,Need Attention
7375268.6519816106,49,1,28.0,3,1,2,Need Attention
35367039.8308787550,67,1,28.0,2,3,2,At Risk
55159338.7105200700,56,1,28.0,3,3,2,Need Attention
4661274.4897769266,2,1,28.0,5,2,2,Potential Loyalists
7316230097.2070552331,84,1,28.0,1,3,2,At Risk
1836968.7888260850,46,1,28.0,4,4,2,Champions
25831561.6830353320,57,1,28.0,3,2,2,Need Attention
17220615.7365298752,2,1,28.0,5,3,2,Potential Loyalists
1089178.9103594365,62,1,28.0,2,4,2,Loyal Customers
2491093.1507462366,61,1,28.0,2,4,2,Loyal Customers
90983663.7411503217,48,1,28.0,4,2,2,Potential Loyalists
7913379764.4006544425,80,1,28.0,1,3,2,At Risk
8074234.7570194554,42,1,28.0,4,3,2,Potential Loyalists
5067991.0959078102,60,1,27.0,2,4,2,Loyal Customers
7427799618.0412814438,9,1,27.0,5,2,2,Potential Loyalists
19492128.7016911946,27,2,27.0,4,5,2,Champions
77464034.6750925956,40,1,27.0,4,2,2,Potential Loyalists
5556391.0179080945,32,1,27.0,4,3,2,Potential Loyalists
53425850.4089853958,66,1,27.0,2,3,2,At Risk
7361524.3246563494,65,1,27.0,2,2,2,Hibernating
45473624.1023516518,90,1,27.0,1,2,2,Hibernating
50361845.1840834873,33,1,27.0,4,2,2,Potential Loyalists
12813365.2129427856,63,1,27.0,2,1,2,Hibernating
22269209.3146805248,57,1,27.0,3,1,2,Need Attention
66563562.8308441449,48,1,27.0,4,3,2,Potential Loyalists
4709275.8875557274,47,1,27.0,4,4,2,Champions
37510341.8549295922,83,1,27.0,1,4,2,Loyal Customers
89267756.6432543280,87,1,27.0,1,2,2,Hibernating
46711302.2852397988,55,1,27.0,3,4,2,Loyal Customers
62395011.7852261797,56,1,27.0,3,3,2,Need Attention
59219545.0213652475,54,1,27.0,3,5,2,Loyal Customers
29823170.8766735762,83,1,27.0,1,2,2,Hibernating
4551273.9026395419,7,1,27.0,5,4,2,Champions
45421650.6526651864,26,1,27.0,4,2,2,Potential Loyalists
7549801319.6083086386,46,1,27.0,4,1,2,Need Attention
2027812590.3150467400,76,1,27.0,1,4,2,Loyal Customers
91973717.6924755137,17,1,26.0,5,4,2,Champions
88196645.5084915352,48,1,26.0,4,4,2,Champions
3670839.0267796655,49,1,26.0,3,4,2,Loyal Customers
8992749.5867986999,38,1,26.0,4,4,2,Champions
77120175.8570057881,56,1,26.0,3,3,2,Need Attention
61367617.5801864153,46,1,26.0,4,1,2,Need Attention
89422277.7506860760,51,1,26.0,3,1,2,Need Attention
42057885.7370556500,24,1,26.0,4,1,2,Need Attention
7827395.5707921470,68,1,26.0,2,4,2,Loyal Customers
74650484.1255761858,28,1,26.0,4,3,2,Potential Loyalists
16093880.9382962150,6,1,26.0,5,3,2,Potential Loyalists
38054334.2240709458,84,1,26.0,1,2,2,Hibernating
6071043.7718608798,8,1,26.0,5,5,2,Champions
4487780.9759536757,70,2,26.0,1,5,2,Loyal Customers
6897445.1210745247,86,2,26.0,1,5,2,Loyal Customers
43031919.9726538913,61,1,26.0,2,4,2,Loyal Customers
7171332.8572143041,44,1,26.0,4,1,2,Need Attention
43104551.6050610800,60,1,26.0,2,4,2,Loyal Customers
6552271.8804757597,70,2,26.0,1,5,2,Loyal Customers
73829542.7019776287,54,1,26.0,3,2,2,Need Attention
3891526.7366315097,75,1,26.0,1,3,2,At Risk
67934362.7951436051,42,1,26.0,4,2,2,Potential Loyalists
6731649.2397948744,85,1,26.0,1,3,2,At Risk
35449521.7467347527,76,1,26.0,1,3,2,At Risk
83310359.0821475252,26,1,26.0,4,1,2,Need Attention
88104982.4975566982,76,1,26.0,1,1,2,Hibernating
84505235.3811031418,39,1,26.0,4,2,2,Potential Loyalists
34009416.7866578706,16,1,26.0,5,3,2,Potential Loyalists
3457650.2924951409,55,1,26.0,3,2,2,Need Attention
20303703.1154814143,74,2,26.0,1,5,2,Loyal Customers
8693458.9667648603,72,2,26.0,1,5,2,Loyal Customers
64274477.5905102311,13,1,26.0,5,2,2,Potential Loyalists
35092297.7264644777,35,1,26.0,4,2,2,Potential Loyalists
68139911.9000642890,51,1,26.0,3,3,2,Need Attention
4874810.7850112978,32,1,26.0,4,1,2,Need Attention
70837463.6029197962,70,2,26.0,1,5,2,Loyal Customers
5951503.2830867633,77,1,26.0,1,4,2,Loyal Customers
28155107.4937647306,12,1,25.0,5,5,2,Champions
40499246.5701945231,42,1,25.0,4,2,2,Potential Loyalists
7962956.9533545007,62,1,25.0,2,4,2,Loyal Customers
7124838.0228509311,84,1,25.0,1,4,2,Loyal Customers
77935609.6554925875,6,1,25.0,5,1,2,Need Attention
52190515.2041872856,63,1,25.0,2,3,2,At Risk
89204999.8110590411,11,1,25.0,5,4,2,Champions
6936674.0598239525,47,1,25.0,4,1,2,Need Attention
1494018.5183133777,92,1,25.0,1,2,2,Hibernating
8900366.1502586915,57,1,25.0,3,1,2,Need Attention
24746976.7398576212,64,1,25.0,2,4,2,Loyal Customers
86920576.7783874354,68,1,25.0,2,2,2,Hibernating
37277680.8900385204,51,1,25.0,3,3,2,Need Attention
5546335.5733710756,85,1,25.0,1,4,2,Loyal Customers
31012311.2048194530,47,1,25.0,4,3,2,Potential Loyalists
5375602.5787042833,57,1,25.0,3,1,2,Need Attention
7113433.3742664708,83,1,25.0,1,2,2,Hibernating
15783578.7353536093,8,1,25.0,5,2,2,Potential Loyalists
67633752.1426304482,13,1,25.0,5,4,2,Champions
86199726.3214867319,18,1,25.0,5,4,2,Champions
3306425.6784890438,52,1,25.0,3,4,2,Loyal Customers
73788836.6647022716,54,1,25.0,3,1,2,Need Attention
26952918.6605768312,81,1,25.0,1,1,2,Hibernating
4766255.6864161154,78,1,25.0,1,5,2,Loyal Customers
79222437.7976387631,51,1,25.0,3,4,2,Loyal Customers
8778258.6853868743,55,1,25.0,3,3,2,Need Attention
51727598.3439876675,65,1,25.0,2,4,2,Loyal Customers
68340330.6218248479,67,1,25.0,2,1,2,Hibernating
2232278.4300512401,39,1,25.0,4,4,2,Champions
4243708.2068286631,59,1,25.0,2,1,2,Hibernating
2175065.2192239255,49,1,25.0,3,3,2,Need Attention
40418512.3278126220,91,1,24.0,1,2,2,Hibernating
32729600.8935787540,56,1,24.0,3,3,2,Need Attention
3308917.5645002589,22,1,24.0,4,1,2,Need Attention
78740849.5845768330,46,1,24.0,4,2,2,Potential Loyalists
54688310.8635917702,62,1,24.0,2,2,2,Hibernating
6724688.1020387197,9,2,24.0,5,5,2,Champions
52691175.7181665075,45,1,24.0,4,4,2,Champions
33967208.3195174744,73,2,24.0,1,5,2,Loyal Customers
3465690.6856005887,87,1,24.0,1,4,2,Loyal Customers
4612979.8417176355,80,1,24.0,1,4,2,Loyal Customers
65154462.1769822275,13,1,24.0,5,1,2,Need Attention
14302032.1404243708,23,1,24.0,4,2,2,Potential Loyalists
77515109.5832187777,61,1,24.0,2,2,2,Hibernating
90371170.5228005068,62,1,24.0,2,2,2,Hibernating
3762574.2588179325,10,1,24.0,5,2,2,Potential Loyalists
19740989.0858763007,49,1,24.0,3,1,2,Need Attention
71904874.2045190274,69,2,24.0,2,5,2,Loyal Customers
61118967.8056730478,15,1,24.0,5,3,2,Potential Loyalists
40581241.9763166406,45,1,24.0,4,5,2,Champions
57342716.1787863925,53,1,24.0,3,2,2,Need Attention
12453465.5603334682,76,1,24.0,1,3,2,At Risk
54190735.3679282161,76,1,24.0,1,3,2,At Risk
45684041.1487561454,52,1,24.0,3,1,2,Need Attention
67990634.0151910511,67,1,24.0,2,3,2,At Risk
4930396.5461821948,49,1,24.0,3,3,2,Need Attention
24005163.6752722139,61,1,24.0,2,1,2,Hibernating
2170538.8100092808,52,1,24.0,3,2,2,Need Attention
51789539.5027614748,52,1,24.0,3,3,2,Need Attention
27181517.9278849940,64,1,24.0,2,5,2,Loyal Customers
18999141.8287009669,19,1,24.0,5,1,2,Need Attention
15957353.1002579110,55,1,24.0,3,3,2,Need Attention
77637054.0215352743,17,1,24.0,5,3,2,Potential Loyalists
6272530.1263809832,63,1,24.0,2,1,2,Hibernating
55607257.5767935321,13,1,24.0,5,4,2,Champions
7016446.9931302905,88,1,24.0,1,3,2,At Risk
60389702.2086129909,37,1,24.0,4,1,2,Need Attention
43719217.6938465168,63,1,24.0,2,3,2,At Risk
1473521219.8525112860,47,1,24.0,4,3,2,Potential Loyalists
54840401.1429599516,69,1,24.0,2,3,2,At Risk
71206194.9159332783,80,1,24.0,1,4,2,Loyal Customers
8798966.0388484094,76,1,24.0,1,3,2,At Risk
7383305.1244201858,46,1,24.0,4,2,2,Potential Loyalists
58234029.0722348975,46,1,24.0,4,4,2,Champions
83696453.8132729435,35,1,24.0,4,4,2,Champions
61741032.4991073931,61,1,24.0,2,2,2,Hibernating
1423095.5468047734,70,2,24.0,2,5,2,Loyal Customers
7146886.8539557844,9,1,24.0,5,1,2,Need Attention
13691555.1609230109,68,1,24.0,2,4,2,Loyal Customers
41590177.4228524607,75,1,24.0,1,3,2,At Risk
82592841.5041495665,91,1,24.0,1,4,2,Loyal Customers
50168082.8967124218,39,1,24.0,4,3,2,Potential Loyalists
5590716.6791910019,40,1,24.0,4,1,2,Need Attention
6051492.6597366361,61,1,24.0,2,2,2,Hibernating
9165170.8636653512,55,1,24.0,3,2,2,Need Attention
2128409.3248782249,77,1,24.0,1,4,2,Loyal Customers
49354846.0718560012,47,1,24.0,4,4,2,Champions
3593045.4474754034,27,1,24.0,4,4,2,Champions
5969629.0738022380,90,1,24.0,1,1,2,Hibernating
59277247.3483663314,33,1,24.0,4,2,2,Potential Loyalists
62015338.5335900578,47,1,24.0,4,2,2,Potential Loyalists
30108151.5867560201,57,1,24.0,3,3,2,Need Attention
6191638.2889349277,66,1,24.0,2,2,2,Hibernating
16851116.6419517132,53,5,24.0,3,5,2,Loyal Customers
3701512.7921503812,37,3,24.0,4,5,2,Champions
56293890.1487399791,69,1,24.0,2,1,2,Hibernating
76577624.1196857209,52,1,24.0,3,4,2,Loyal Customers
89822931.5917917105,76,1,24.0,1,2,2,Hibernating
41473698.5123929648,54,1,24.0,3,4,2,Loyal Customers
9081882.0797388482,17,1,24.0,5,4,2,Champions
87431455.4720611025,27,1,24.0,4,3,2,Potential Loyalists
7946294.3682774932,26,1,24.0,4,1,2,Need Attention
84838839.0769353328,52,1,24.0,3,1,2,Need Attention
6690432.3445265766,40,1,24.0,4,4,2,Champions
49236041.8790753746,48,1,24.0,4,2,2,Potential Loyalists
5206744.7117460003,10,1,24.0,5,3,2,Potential Loyalists
3723940.1709320867,54,1,24.0,3,1,2,Need Attention
6154769.0714961304,48,1,24.0,3,4,2,Loyal Customers
3048586.2373315420,29,1,24.0,4,4,2,Champions
5177505373.3913252249,53,1,24.0,3,1,2,Need Attention
55313333.8413369578,19,1,24.0,5,1,2,Need Attention
7418203637.9546219861,44,1,24.0,4,2,2,Potential Loyalists
43906788.7546190026,67,1,24.0,2,1,2,Hibernating
6196666.0735120251,62,1,24.0,2,1,2,Hibernating
8848313.6690701237,40,1,24.0,4,1,2,Need Attention
7625514.5568512112,41,1,24.0,4,1,2,Need Attention
18498851.9195881231,63,1,24.0,2,3,2,At Risk
44648288.3163217439,48,1,24.0,3,4,2,Loyal Customers
25581079.7578476005,35,1,24.0,4,3,2,Potential Loyalists
66021745.1784185552,10,1,24.0,5,1,2,Need Attention
7393648.1873812517,63,1,24.0,2,4,2,Loyal Customers
2613398.2166675477,55,1,24.0,3,1,2,Need Attention
58162644.7624663170,89,1,24.0,1,3,2,At Risk
7127030.2823157340,6,1,24.0,5,4,2,Champions
3257974.8575346035,10,1,24.0,5,2,2,Potential Loyalists
79061268.0848182319,77,1,23.0,1,1,2,Hibernating
2184518.9171442290,52,1,23.0,3,4,2,Loyal Customers
7678145.6418665978,26,1,23.0,4,3,2,Potential Loyalists
64550506.5927581901,66,1,23.0,2,4,2,Loyal Customers
42167462.4250653874,47,1,23.0,4,1,2,Need Attention
2004878.6108556142,59,1,23.0,2,2,2,Hibernating
90840499.7278556017,66,1,23.0,2,3,2,At Risk
6080877.8085762728,65,1,23.0,2,3,2,At Risk
8452311.3681765761,42,1,23.0,4,2,2,Potential Loyalists
85295549.1924048301,53,1,23.0,3,1,2,Need Attention
90018117.3469988350,88,1,23.0,1,4,2,Loyal Customers
2625733.8103163295,80,1,23.0,1,3,2,At Risk
1336873.9384913636,54,1,23.0,3,1,2,Need Attention
34820749.5627527427,40,1,23.0,4,4,2,Champions
4529327.1786171238,53,1,23.0,3,4,2,Loyal Customers
41803452.7850037461,27,1,23.0,4,4,2,Champions
75212332.0462614368,85,1,23.0,1,3,2,At Risk
2017544.1570506370,76,1,23.0,1,3,2,At Risk
8968170.2149989235,65,1,23.0,2,1,2,Hibernating
2218243.6572984750,69,1,23.0,2,3,2,At Risk
73553329.4007239021,54,1,23.0,3,1,2,Need Attention
20754226.2589569130,26,1,23.0,4,4,2,Champions
7269989.2493768800,76,1,23.0,1,1,2,Hibernating
5690429.3982669738,89,1,23.0,1,2,2,Hibernating
15735778.2870917869,77,1,22.0,1,1,2,Hibernating
3351786.5083077372,31,1,22.0,4,1,2,Need Attention
4787327.5696813276,17,1,22.0,5,2,2,Potential Loyalists
59431741.0928386336,84,1,22.0,1,4,2,Loyal Customers
2467672454.9329478776,45,1,22.0,4,1,2,Need Attention
1257911.6384484937,90,1,22.0,1,4,2,Loyal Customers
49948590.1657747391,41,1,22.0,4,2,2,Potential Loyalists
46734973.9290399270,67,1,22.0,2,1,2,Hibernating
44254060.0976017121,82,1,22.0,1,2,2,Hibernating
1954165.1829780175,58,1,22.0,3,1,2,Need Attention
32400150.9680193648,50,1,22.0,3,2,2,Need Attention
55516909.1481036394,66,1,22.0,2,1,2,Hibernating
8142000.3062958976,61,1,22.0,2,4,2,Loyal Customers
3393889.7396147285,54,1,22.0,3,1,2,Need Attention
28872668.2787464461,54,1,22.0,3,2,2,Need Attention
6003584.8390086616,62,1,22.0,2,3,2,At Risk
4406786.1288886842,53,1,22.0,3,1,2,Need Attention
4575404.1267172639,10,1,22.0,5,5,2,Champions
73103431.3740237825,77,1,22.0,1,1,2,Hibernating
13947818.2704676156,7,1,22.0,5,1,2,Need Attention
6136308840.6700964793,54,1,22.0,3,3,2,Need Attention
73971086.0168359520,57,1,22.0,3,3,2,Need Attention
55593768.5311544152,35,1,22.0,4,1,2,Need Attention
51790647.1433313227,13,1,22.0,5,4,2,Champions
86834775.2599012346,69,1,22.0,2,3,2,At Risk
23023007.7963340657,8,1,22.0,5,4,2,Champions
61963024.8202742305,36,1,22.0,4,4,2,Champions
68478330.4276176256,44,1,22.0,4,2,2,Potential Loyalists
59995715.3236223993,8,1,22.0,5,1,2,Need Attention
2323477.7085022522,47,1,22.0,4,3,2,Potential Loyalists
8841256.1033635972,83,1,22.0,1,2,2,Hibernating
3577806.2578587674,40,1,22.0,4,1,2,Need Attention
30294528.5063782336,87,1,22.0,1,4,2,Loyal Customers
77782481.6783148384,82,1,22.0,1,3,2,At Risk
2353041.1837186416,85,1,22.0,1,4,2,Loyal Customers
60182642.3435447102,80,1,22.0,1,5,2,Loyal Customers
5187937.6738524538,54,1,22.0,3,4,2,Loyal Customers
1424156.5448723626,63,1,22.0,2,2,2,Hibernating
3938471.9023028673,60,1,22.0,2,3,2,At Risk
6975966.3912289420,52,1,22.0,3,4,2,Loyal Customers
7406779.5047994254,80,1,22.0,1,2,2,Hibernating
7529108.3603947452,52,1,22.0,3,5,2,Loyal Customers
7445408530.7645836782,89,1,22.0,1,2,2,Hibernating
3312036.2521285954,82,1,22.0,1,2,2,Hibernating
9052312.4913896268,56,1,22.0,3,2,2,Need Attention
8994558.9516186481,8,1,22.0,5,4,2,Champions
8562748.1292528562,12,1,22.0,5,4,2,Champions
18516773.0126593666,61,1,22.0,2,3,2,At Risk
42393609.9505932976,59,1,22.0,2,2,2,Hibernating
41930655.1128174119,7,1,22.0,5,3,2,Potential Loyalists
7616254.5240355876,54,1,22.0,3,1,2,Need Attention
30509185.4786918873,77,1,22.0,1,4,2,Loyal Customers
36259188.4271466328,43,1,22.0,4,2,2,Potential Loyalists
7161013.2920991826,50,1,21.0,3,1,2,Need Attention
4738947.9438471560,54,1,21.0,3,2,2,Need Attention
30029755.0497081277,87,1,21.0,1,4,2,Loyal Customers
8733061.5415155980,19,1,21.0,5,5,2,Champions
47377018.1786966867,48,1,21.0,4,3,2,Potential Loyalists
10543466.9758583606,7,1,21.0,5,2,2,Potential Loyalists
3412220.6161181119,46,1,21.0,4,1,2,Need Attention
8905528.1510934754,9,1,21.0,5,1,2,Need Attention
3934622.2644661987,8,1,21.0,5,2,2,Potential Loyalists
92178928.5827422195,48,1,21.0,4,4,2,Champions
18829536.8717481088,51,2,21.0,3,5,2,Loyal Customers
9220684.1553390889,27,1,21.0,4,2,2,Potential Loyalists
5218931.6976141915,59,1,21.0,2,3,2,At Risk
33141529.9644469700,81,1,21.0,1,1,2,Hibernating
25040095.0670087088,30,1,21.0,4,2,2,Potential Loyalists
25093846.1157408806,13,1,21.0,5,3,2,Potential Loyalists
55898259.3632334008,52,1,21.0,3,4,2,Loyal Customers
1213730.9590306741,53,1,21.0,3,2,2,Need Attention
72926454.8269061887,65,1,21.0,2,4,2,Loyal Customers
16742325.1460084940,54,2,21.0,3,5,2,Loyal Customers
7630384.3246315291,33,1,21.0,4,5,2,Champions
2365980.2818968577,62,1,21.0,2,2,2,Hibernating
37493575.0376020341,44,1,21.0,4,1,2,Need Attention
55182047.5260548965,54,1,21.0,3,1,2,Need Attention
5413303.6631923503,68,1,21.0,2,2,2,Hibernating
55981424.7122207341,58,1,21.0,3,2,2,Need Attention
18236864.0194729258,66,1,21.0,2,3,2,At Risk
1021887.1151788384,37,1,21.0,4,4,2,Champions
2838161.4781702653,27,1,21.0,4,2,2,Potential Loyalists
91937968.1617199601,10,1,21.0,5,3,2,Potential Loyalists
8857034.7328471275,8,1,21.0,5,4,2,Champions
68138414.4145956258,61,1,21.0,2,1,2,Hibernating
59628020.4516096651,39,1,21.0,4,2,2,Potential Loyalists
60436974.7396893790,66,1,21.0,2,1,2,Hibernating
79553059.4531556375,17,1,21.0,5,3,2,Potential Loyalists
2648776.9321137817,51,1,21.0,3,2,2,Need Attention
2291182.3518179459,5,2,21.0,5,5,2,Champions
8026619.2296223413,20,1,21.0,5,3,2,Potential Loyalists
2221714.1060184059,63,1,21.0,2,4,2,Loyal Customers
1490836.9769608444,47,1,20.0,4,1,1,Need Attention
1153010.6286227099,10,1,20.0,5,1,1,Need Attention
3178736.6661466531,68,1,20.0,2,1,2,Hibernating
21683663.4440188892,1,2,20.0,5,5,1,Champions
3577740.6099509380,18,1,20.0,5,5,2,Champions
54650516.3770320538,47,1,20.0,4,3,1,Potential Loyalists
69986145.5399919143,91,1,20.0,1,2,1,Hibernating
7411487.6036119390,13,1,20.0,5,1,1,Need Attention
60359955.7443344317,53,1,20.0,3,3,1,Need Attention
15302055.4978490469,12,1,20.0,5,4,1,Champions
36256712.1326640719,20,1,20.0,5,4,1,Champions
44546067.0576823511,9,1,20.0,5,4,1,Champions
5067255.5671603048,64,1,20.0,2,5,1,Loyal Customers
54650531.8943536891,55,1,20.0,3,3,1,Need Attention
3400627.9392975466,57,1,20.0,3,3,1,Need Attention
32315141.7266068238,87,1,20.0,1,2,1,Hibernating
16272274.3067840734,55,1,20.0,3,3,1,Need Attention
6050400.1592934348,65,1,20.0,2,2,1,Hibernating
4190412.6239140179,82,1,20.0,1,2,1,Hibernating
42973705.2604123071,53,1,20.0,3,3,1,Need Attention
3398852635.9428651409,42,1,20.0,4,2,1,Potential Loyalists
73606327.4930028426,76,1,20.0,1,4,1,Loyal Customers
73370809.3757379160,27,1,20.0,4,3,1,Potential Loyalists
43869984.9708200846,87,1,20.0,1,5,1,Loyal Customers
2227109.3866686675,86,1,20.0,1,2,1,Hibernating
91376862.4856404354,78,1,20.0,1,4,1,Loyal Customers
1263510.2346903431,19,1,20.0,5,4,1,Champions
35763731.0874717473,12,1,20.0,5,3,2,Potential Loyalists
4185649.9541505242,13,1,20.0,5,1,1,Need Attention
11553722.3184776624,62,1,20.0,2,1,1,Hibernating
23822680.9624813723,76,1,20.0,1,3,1,At Risk
39077253.7899061745,53,1,20.0,3,3,1,Need Attention
10987967.4344965706,53,1,20.0,3,1,1,Need Attention
7039765.5959855371,82,1,20.0,1,4,1,Loyal Customers
1407240.9536646342,59,1,20.0,2,1,1,Hibernating
1577730.6536343723,67,1,20.0,2,3,1,At Risk
3762381.5920758171,70,2,20.0,1,5,1,Loyal Customers
8926225.9345063255,71,2,20.0,1,5,1,Loyal Customers
18436463.4630313750,7,1,20.0,5,4,1,Champions
1299576.0400218024,61,1,20.0,2,1,1,Hibernating
48332896.7948919680,10,1,20.0,5,3,1,Potential Loyalists
7421090.1311478278,55,1,20.0,3,4,1,Loyal Customers
26441613.3587365483,60,1,20.0,2,4,1,Loyal Customers
3149802.9399236730,83,1,20.0,1,4,1,Loyal Customers
40650638.8176789956,31,1,20.0,4,2,1,Potential Loyalists
85703325.9682407551,57,1,20.0,3,3,1,Need Attention
57746120.5810540778,53,1,20.0,3,2,1,Need Attention
7132358.6228292016,41,1,19.0,4,1,1,Need Attention
77894164.1266830106,20,1,19.0,5,2,1,Potential Loyalists
47439165.5147551041,29,1,19.0,4,4,1,Champions
6101467.4740745406,31,1,19.0,4,4,1,Champions
37469851.2915027399,48,1,19.0,4,2,1,Potential Loyalists
34756247.3212719194,63,1,19.0,2,4,1,Loyal Customers
71728326.8215187064,47,1,19.0,4,4,1,Champions
88676986.2845052562,7,1,19.0,5,4,1,Champions
7116815.2975421997,50,1,19.0,3,1,1,Need Attention
2876583.5568477554,38,1,19.0,4,2,1,Potential Loyalists
47628074.9193506873,13,1,19.0,5,4,1,Champions
47416269.1313769797,67,1,19.0,2,1,1,Hibernating
2734830.9992266559,81,1,19.0,1,3,1,At Risk
51359052.9832825278,33,1,19.0,4,4,1,Champions
35910152.4891218786,35,1,19.0,4,4,1,Champions
25044369.5523734851,60,1,19.0,2,1,1,Hibernating
47728220.5500104652,66,1,19.0,2,1,1,Hibernating
16995542.7304104556,82,1,19.0,1,2,1,Hibernating
28683334.6180641211,12,1,19.0,5,1,1,Need Attention
86349088.9137602844,40,1,19.0,4,2,1,Potential Loyalists
4272875163.1610352147,18,1,19.0,5,1,1,Need Attention
54769599.7567301976,51,1,19.0,3,3,1,Need Attention
6510522.7061313662,25,1,19.0,4,3,1,Potential Loyalists
20368983.6178046546,47,1,19.0,4,4,1,Champions
4997326.4756259004,40,1,19.0,4,1,1,Need Attention
11422977.5445649055,45,1,19.0,4,4,1,Champions
7616416.3442436459,18,1,19.0,5,1,1,Need Attention
4602945.9366420751,21,1,19.0,5,5,1,Champions
2671708.8565978857,21,1,19.0,5,1,1,Need Attention
46728708.0760649808,80,1,19.0,1,2,1,Hibernating
14525425.6643981670,75,1,19.0,1,1,1,Hibernating
83571720.7492955192,4,1,19.0,5,3,1,Potential Loyalists
2342971.6074063060,5,1,19.0,5,3,1,Potential Loyalists
46297179.0171278742,55,1,19.0,3,2,1,Need Attention
8032580.9992443180,42,1,19.0,4,4,1,Champions
4532388276.8030432251,7,1,19.0,5,3,1,Potential Loyalists
21101420.4449841146,34,1,19.0,4,1,1,Need Attention
8816052.5192099067,36,1,18.0,4,3,1,Potential Loyalists
6491610.4022550572,53,1,18.0,3,2,1,Need Attention
22960903.4572081213,53,1,18.0,3,3,1,Need Attention
3947718.3318468480,87,1,18.0,1,4,1,Loyal Customers
4792087.7875785224,32,1,18.0,4,1,1,Need Attention
3625042.1265230738,61,1,18.0,2,4,1,Loyal Customers
35388939.9653515999,76,1,18.0,1,2,1,Hibernating
5875619.5890494953,42,1,18.0,4,3,1,Potential Loyalists
33636503.5000871312,9,1,18.0,5,2,1,Potential Loyalists
15418373.8425670485,47,1,18.0,4,3,1,Potential Loyalists
21957871.8710533603,78,1,18.0,1,2,1,Hibernating
43078053.5511752417,62,1,18.0,2,5,1,Loyal Customers
7638626.6903353029,69,2,18.0,2,5,1,Loyal Customers
24438494.0879270947,54,1,18.0,3,3,1,Need Attention
61814372.5358538445,83,1,18.0,1,3,1,At Risk
23471077.0151968616,55,1,18.0,3,1,1,Need Attention
2818855.2819610627,19,1,18.0,5,4,1,Champions
46447555.4038041791,58,1,18.0,2,1,1,Hibernating
18489071.4831990105,47,1,18.0,4,2,1,Potential Loyalists
2440964.7151299924,88,1,18.0,1,3,1,At Risk
59440589.7744966984,49,1,18.0,3,4,1,Loyal Customers
6080470.4742971976,10,1,18.0,5,2,1,Potential Loyalists
5976309.6254162175,51,1,18.0,3,3,1,Need Attention
90858395.4544953123,60,1,18.0,2,2,1,Hibernating
7404712.3481898129,69,1,18.0,2,5,1,Loyal Customers
8280779440.9996140364,9,1,18.0,5,3,1,Potential Loyalists
22360539.8245478823,45,1,18.0,4,3,1,Potential Loyalists
6061725953.8302009147,63,1,18.0,2,1,1,Hibernating
18311401.6578576892,60,1,18.0,2,3,1,At Risk
31430869.9028960991,40,1,18.0,4,4,1,Champions
5478191.7625370733,87,1,18.0,1,3,1,At Risk
3125944.3495334575,19,1,18.0,5,4,1,Champions
7722805.2360482435,63,1,18.0,2,3,1,At Risk
3773899.4223706621,83,1,18.0,1,1,1,Hibernating
61604299.4464644285,51,1,18.0,3,3,1,Need Attention
23851655.0546635394,79,1,18.0,1,3,1,At Risk
5372320.9033988663,20,1,18.0,5,1,1,Need Attention
42437353.0009009717,45,1,18.0,4,3,1,Potential Loyalists
2637438.5895621403,27,1,18.0,4,2,1,Potential Loyalists
55002300.9025496492,12,1,18.0,5,4,1,Champions
7711053.0709227584,84,1,18.0,1,1,1,Hibernating
5798842.3922639602,37,2,18.0,4,5,1,Champions
41505885.3117323516,58,1,18.0,3,4,1,Loyal Customers
60446028.7543336675,77,1,18.0,1,1,1,Hibernating
1595768.3586762613,83,1,18.0,1,3,1,At Risk
5823061.9157756741,82,1,17.0,1,2,1,Hibernating
7963367.8049414844,49,1,17.0,3,3,1,Need Attention
59662749.6696416312,52,1,17.0,3,2,1,Need Attention
84173583.3434006051,69,1,17.0,2,4,1,Loyal Customers
13514937.5999371679,2,1,17.0,5,2,1,Potential Loyalists
24897762.0454201456,55,1,17.0,3,4,1,Loyal Customers
5357426.0216106310,65,1,17.0,2,2,1,Hibernating
56085302.1633432749,5,2,17.0,5,5,1,Champions
32231127.3526233643,57,1,17.0,3,3,1,Need Attention
86449111.4441730986,52,1,17.0,3,3,1,Need Attention
10397941.7201732268,47,1,17.0,4,1,1,Need Attention
21404027.8691114246,85,1,17.0,1,4,1,Loyal Customers
4404869.0998982911,87,1,17.0,1,4,1,Loyal Customers
27553430.2739926999,52,1,17.0,3,1,1,Need Attention
36346292.3024843816,56,1,17.0,3,3,1,Need Attention
4418230.6765916297,60,1,17.0,2,2,1,Hibernating
57453839.8245560325,58,1,17.0,2,3,1,At Risk
91589045.5932971125,47,1,17.0,4,3,1,Potential Loyalists
43166184.7921844342,90,1,17.0,1,4,1,Loyal Customers
35966519.5288664403,68,1,17.0,2,3,1,At Risk
30548868.9557051666,37,1,17.0,4,3,1,Potential Loyalists
8879858.9670506081,14,1,17.0,5,2,1,Potential Loyalists
90281510.6560674856,7,1,17.0,5,4,1,Champions
2798934.1669190108,7,1,17.0,5,4,1,Champions
31456855.2528933945,50,1,17.0,3,3,1,Need Attention
45496216.9206092900,40,1,17.0,4,2,1,Potential Loyalists
1207697.7765216065,76,1,17.0,1,2,1,Hibernating
42091261.9216222861,56,1,17.0,3,4,1,Loyal Customers
19228473.0788389972,38,1,17.0,4,4,1,Champions
4314095.2450093066,34,1,16.0,4,3,1,Potential Loyalists
3656062.7172376657,7,1,16.0,5,3,1,Potential Loyalists
8269107.5312843213,2,2,16.0,5,5,1,Champions
6914686.3875409654,51,1,16.0,3,2,1,Need Attention
6372054.7429791043,53,1,16.0,3,1,1,Need Attention
37567373.0394049260,34,1,16.0,4,2,1,Potential Loyalists
6023477.7138695000,87,1,16.0,1,4,1,Loyal Customers
58494000.3106433806,9,1,16.0,5,4,1,Champions
68200712.6673181472,81,1,16.0,1,2,1,Hibernating
6907870.6816785534,8,1,16.0,5,3,1,Potential Loyalists
5107382543.8207680939,5,1,16.0,5,4,1,Champions
59409935.1803617257,17,1,16.0,5,1,1,Need Attention
6510035.0529463945,84,1,16.0,1,1,1,Hibernating
68780200.6423809280,28,1,16.0,4,2,1,Potential Loyalists
5183343.7058547491,10,1,16.0,5,4,1,Champions
1772610.2535570925,77,1,16.0,1,4,1,Loyal Customers
40865346.7588861188,58,1,16.0,3,1,1,Need Attention
5106767.9563243336,9,1,16.0,5,4,1,Champions
55183693.0038159450,46,1,16.0,4,4,1,Champions
3925352.7354106331,76,1,16.0,1,2,1,Hibernating
2879559328.6114740318,55,1,16.0,3,1,1,Need Attention
4766068.4048598783,54,1,16.0,3,4,1,Loyal Customers
7987433.0547250841,67,1,16.0,2,4,1,Loyal Customers
8690699.3669256403,89,1,16.0,1,2,1,Hibernating
4554126.3663658204,61,1,16.0,2,2,1,Hibernating
4231129.5913164697,43,1,16.0,4,3,1,Potential Loyalists
43491287.8048650889,42,1,16.0,4,4,1,Champions
8348184265.5640136978,73,2,16.0,1,5,1,Loyal Customers
52669317.3821594758,25,1,16.0,4,3,1,Potential Loyalists
27561053.0859597448,69,1,16.0,2,2,1,Hibernating
65868001.1285724857,13,1,16.0,5,1,1,Need Attention
2248754.7783173763,16,1,16.0,5,4,1,Champions
6726337.6675267552,42,1,16.0,4,1,1,Need Attention
6507726.8917893919,42,1,16.0,4,2,1,Potential Loyalists
26101027.9336397994,18,1,16.0,5,3,1,Potential Loyalists
7184503.5694706863,59,1,16.0,2,4,1,Loyal Customers
27863624.7256240425,5,1,16.0,5,2,1,Potential Loyalists
56460399.1194105799,25,1,16.0,4,1,1,Need Attention
75363582.3498268228,2,1,16.0,5,2,1,Potential Loyalists
4958191.3484019469,44,1,16.0,4,2,1,Potential Loyalists
12921729.7383461315,81,1,16.0,1,1,1,Hibernating
85164885.2090345688,11,1,16.0,5,4,1,Champions
80851576.6492799404,60,1,16.0,2,3,1,At Risk
5998553.8301132552,45,1,16.0,4,4,1,Champions
2026570.1660036366,73,2,16.0,1,5,1,Loyal Customers
2042006.9621869558,62,1,16.0,2,3,1,At Risk
5892772292.7134057323,89,1,16.0,1,3,1,At Risk
2504014.4277661262,55,1,16.0,3,1,1,Need Attention
31203817.7278508915,48,1,16.0,4,1,1,Need Attention
3181213.5173298187,47,1,16.0,4,4,1,Champions
71736009.2610297967,52,1,16.0,3,3,1,Need Attention
4151776.6876892281,10,1,16.0,5,3,1,Potential Loyalists
4807476.3324701251,55,1,16.0,3,1,1,Need Attention
50497945.7749506520,10,1,16.0,5,3,1,Potential Loyalists
87116489.5307133653,32,1,16.0,4,4,1,Champions
43389046.2082927171,81,1,16.0,1,3,1,At Risk
8674320.3968322986,68,1,16.0,2,1,1,Hibernating
73636053.4889927037,52,1,16.0,3,5,1,Loyal Customers
41219861.0962256916,68,1,16.0,2,4,1,Loyal Customers
16155597.9846906900,51,1,16.0,3,1,1,Need Attention
76850448.7671717404,55,1,16.0,3,4,1,Loyal Customers
5475603.0389778212,75,1,16.0,1,4,1,Loyal Customers
3284425.1246992376,10,1,16.0,5,3,1,Potential Loyalists
4808186.2033160499,81,1,16.0,1,1,1,Hibernating
43167694.9021346768,5,2,16.0,5,5,1,Champions
65858286.2730201992,7,1,16.0,5,1,1,Need Attention
89456710.6774616218,24,1,16.0,4,1,1,Need Attention
6842193.0748348828,77,1,16.0,1,4,1,Loyal Customers
3776054.3479849754,78,1,16.0,1,1,1,Hibernating
33280841.1628915296,29,1,16.0,4,3,1,Potential Loyalists
6503894.5603898018,66,1,16.0,2,2,1,Hibernating
1254234.7247356243,60,1,16.0,2,4,1,Loyal Customers
10591789.5477795667,47,1,16.0,4,3,1,Potential Loyalists
85394891.9561309156,54,1,16.0,3,3,1,Need Attention
8455928.7124581689,55,2,16.0,3,5,1,Loyal Customers
73432329.6542458279,50,1,16.0,3,4,1,Loyal Customers
50725646.9290345522,69,1,15.0,2,1,1,Hibernating
13824849.4687242731,62,1,15.0,2,2,1,Hibernating
57630054.8770333743,80,1,15.0,1,2,1,Hibernating
78492870.6468912978,59,1,15.0,2,3,1,At Risk
9122125.3213698084,46,1,15.0,4,4,1,Champions
22753922.9124622984,17,1,15.0,5,3,1,Potential Loyalists
5640270.2841313070,53,1,15.0,3,3,1,Need Attention
8198859.3778829440,85,1,15.0,1,2,1,Hibernating
3281707.1009254638,14,1,15.0,5,1,1,Need Attention
14118593.2627050105,59,1,15.0,2,3,1,At Risk
29659184.3200898552,53,1,15.0,3,3,1,Need Attention
7525051.3431922932,11,1,15.0,5,3,1,Potential Loyalists
5472986.9783376507,87,1,15.0,1,4,1,Loyal Customers
66923823.1806014019,62,1,15.0,2,2,1,Hibernating
1888230.0570611298,61,1,15.0,2,3,1,At Risk
5257023.2131424569,29,1,15.0,4,2,1,Potential Loyalists
36156512.6793363107,41,1,15.0,4,1,1,Need Attention
90006388.1386753150,46,1,14.0,4,2,1,Potential Loyalists
6057124.3899926429,60,1,14.0,2,2,1,Hibernating
25084453.1631449315,80,1,14.0,1,3,1,At Risk
68913644.8801660890,53,1,14.0,3,3,1,Need Attention
2844031.7480387802,47,1,14.0,4,1,1,Need Attention
7800727.3747729952,59,1,14.0,2,3,1,At Risk
61777800.1566735080,69,1,14.0,2,1,1,Hibernating
3193748.4688093203,80,1,14.0,1,3,1,At Risk
88367970.2111524274,65,1,14.0,2,4,1,Loyal Customers
7457444792.5740540830,60,1,14.0,2,4,1,Loyal Customers
60912152.9190191451,63,1,14.0,2,2,1,Hibernating
88252620.9272679238,45,1,14.0,4,1,1,Need Attention
56979703.0000095038,20,1,14.0,5,4,1,Champions
39843505.6953825231,17,1,14.0,5,3,1,Potential Loyalists
62148781.8412472855,10,1,14.0,5,3,1,Potential Loyalists
11704860.5685851852,77,1,14.0,1,3,1,At Risk
2110079.7055072364,51,1,14.0,3,4,1,Loyal Customers
5416604749.0858960731,7,1,14.0,5,3,1,Potential Loyalists
2486846.9299481244,47,1,14.0,4,1,1,Need Attention
80632671.7018896021,49,1,14.0,3,1,1,Need Attention
5483935.0640320145,53,1,14.0,3,4,1,Loyal Customers
57965823.6355901348,63,1,14.0,2,3,1,At Risk
44810382.7311730027,28,1,14.0,4,2,1,Potential Loyalists
10771534.1107960558,4,1,14.0,5,1,1,Need Attention
60647402.4295237276,57,1,14.0,3,3,1,Need Attention
7563529.3170258070,68,1,14.0,2,1,1,Hibernating
17014639.4683614336,34,1,14.0,4,4,1,Champions
89869837.0474393502,62,1,14.0,2,3,1,At Risk
72227997.0657116551,54,1,14.0,3,2,1,Need Attention
91825571.8059920508,47,1,14.0,4,3,1,Potential Loyalists
85466983.8102126141,64,1,14.0,2,4,1,Loyal Customers
20968096.2144566926,34,1,14.0,4,1,1,Need Attention
88609982.3067509014,53,1,14.0,3,3,1,Need Attention
8579773.8025468958,16,1,14.0,5,1,1,Need Attention
6759062.8933947932,82,1,14.0,1,4,1,Loyal Customers
60519873.4627231601,59,1,14.0,2,4,1,Loyal Customers
30970636.0210409460,74,2,14.0,1,5,1,Loyal Customers
5315363.0230026524,75,1,14.0,1,2,1,Hibernating
9123305447.7023614255,42,1,14.0,4,3,1,Potential Loyalists
70070374.0319399848,66,1,14.0,2,1,1,Hibernating
1597302.4432852477,19,1,14.0,5,2,1,Potential Loyalists
6151599.7547010396,80,1,14.0,1,1,1,Hibernating
53957273.1773663612,51,1,14.0,3,4,1,Loyal Customers
67141422.4526868236,58,1,14.0,2,2,1,Hibernating
1924508.4688592165,62,1,14.0,2,4,1,Loyal Customers
97146775.1973953571,9,1,14.0,5,3,1,Potential Loyalists
3808964.8830918987,38,1,14.0,4,2,1,Potential Loyalists
6882515.8996618091,61,1,14.0,2,1,1,Hibernating
7634450.7489916014,29,1,14.0,4,1,1,Need Attention
73096267.0337371957,88,1,14.0,1,2,1,Hibernating
11106892.6823829951,62,1,14.0,2,4,1,Loyal Customers
6810577.5817571027,54,1,14.0,3,3,1,Need Attention
2779060.1573947955,52,1,14.0,3,4,1,Loyal Customers
11804455.8043636728,59,1,14.0,2,3,1,At Risk
75936532.1243464726,55,1,14.0,3,4,1,Loyal Customers
3297728.5602497021,6,2,14.0,5,5,1,Champions
3376047.9128522886,55,1,14.0,3,2,1,Need Attention
9618916.8925649010,46,1,14.0,4,2,1,Potential Loyalists
2364862.0108372853,36,1,14.0,4,4,1,Champions
30553401.5304743136,57,1,13.0,3,3,1,Need Attention
183705312.7034973571,57,1,13.0,3,2,1,Need Attention
4330656.2276757747,60,1,13.0,2,5,1,Loyal Customers
74972717.1202590271,27,1,13.0,4,2,1,Potential Loyalists
7008909.0296793733,10,1,13.0,5,1,1,Need Attention
6097102.6516338254,28,1,13.0,4,4,1,Champions
51433042.8245699116,64,1,13.0,2,1,1,Hibernating
66514997.2920888073,60,1,13.0,2,4,1,Loyal Customers
64559895.4607833037,20,1,13.0,5,1,1,Need Attention
67694191.0095135961,14,1,13.0,5,1,1,Need Attention
12635392.6392715364,46,1,13.0,4,4,1,Champions
31534674.8755593671,4,1,13.0,5,2,1,Potential Loyalists
4121733.2351043117,77,1,13.0,1,1,1,Hibernating
8520754.9083745403,49,1,13.0,3,1,1,Need Attention
1482920.5399544265,54,1,13.0,3,3,1,Need Attention
68775886.1820194721,60,1,13.0,2,2,1,Hibernating
11422508.1200893075,87,1,13.0,1,4,1,Loyal Customers
55546439.3506549560,65,1,13.0,2,1,1,Hibernating
40330172.7053220423,66,1,13.0,2,4,1,Loyal Customers
76048408.3088751594,49,1,13.0,3,4,1,Loyal Customers
94722330.1370120530,8,1,13.0,5,1,1,Need Attention
91875291.2902344333,69,1,13.0,2,2,1,Hibernating
42899000.7454943172,67,1,13.0,2,3,1,At Risk
85925370.4835043900,13,1,13.0,5,4,1,Champions
55431745.7605340054,60,1,13.0,2,1,1,Hibernating
1186702.7722664257,52,1,13.0,3,2,1,Need Attention
3605236.0985181140,48,1,13.0,4,5,1,Champions
5305364.2787310907,83,1,13.0,1,1,1,Hibernating
2009963.7195385463,49,1,13.0,3,4,1,Loyal Customers
11258187.3799854087,90,1,13.0,1,1,1,Hibernating
1845677.6976017446,83,1,13.0,1,2,1,Hibernating
80575542.4037219758,51,1,13.0,3,3,1,Need Attention
33597428.6373883888,10,1,13.0,5,4,1,Champions
83825447.2353676294,10,1,13.0,5,3,1,Potential Loyalists
47848518.2208811373,51,1,13.0,3,5,1,Loyal Customers
7351481.8873053183,41,1,13.0,4,1,1,Need Attention
86811303.5548075805,47,1,13.0,4,1,1,Need Attention
69422630.5424369871,76,1,13.0,1,2,1,Hibernating
41651272.6663629996,49,1,13.0,3,2,1,Need Attention
1899612.8238628379,55,1,13.0,3,4,1,Loyal Customers
32150941.2960979703,41,1,13.0,4,2,1,Potential Loyalists
76568713.5662041611,53,1,13.0,3,2,1,Need Attention
4291080.4811254869,10,1,13.0,5,5,1,Champions
6103545.9668651529,24,1,13.0,4,3,1,Potential Loyalists
49433987.5928820539,45,1,13.0,4,3,1,Potential Loyalists
90787481.6558887535,19,1,13.0,5,1,1,Need Attention
68281659.9581386964,26,1,13.0,4,2,1,Potential Loyalists
3415609.9717719748,65,1,13.0,2,3,1,At Risk
6081323.0622316805,21,1,13.0,5,4,1,Champions
12720798.7319314400,64,1,13.0,2,4,1,Loyal Customers
5119225.7729574873,48,1,13.0,4,4,1,Champions
3323630.2242579330,75,1,13.0,1,3,1,At Risk
8736894.0863287130,77,1,13.0,1,3,1,At Risk
7321267.6633082138,34,1,13.0,4,4,1,Champions
4414871.1268073864,52,1,13.0,3,1,1,Need Attention
7933980.0073382229,11,1,13.0,5,1,1,Need Attention
45529743.2756914140,27,1,13.0,4,2,1,Potential Loyalists
4075022.3227633472,92,1,13.0,1,1,1,Hibernating
81691186.8329038327,86,1,13.0,1,2,1,Hibernating
5418808005.3102201293,47,1,13.0,4,4,1,Champions
3024189.6101670146,30,1,13.0,4,2,1,Potential Loyalists
78839661.7033676134,30,1,12.0,4,4,1,Champions
47410209.4631530963,22,1,12.0,5,4,1,Champions
2264577.0020880649,65,1,12.0,2,4,1,Loyal Customers
37052831.8526706612,50,1,12.0,3,4,1,Loyal Customers
22909370.2921134609,17,1,12.0,5,1,1,Need Attention
67251653.8910982513,48,2,12.0,4,5,1,Champions
50884028.1034896087,6,1,12.0,5,1,1,Need Attention
80277576.8732584188,83,1,12.0,1,4,1,Loyal Customers
85126752.5809296257,61,1,12.0,2,2,1,Hibernating
3654745.3297366605,20,1,12.0,5,4,1,Champions
27584951.2526782041,77,1,12.0,1,4,1,Loyal Customers
68241082.4024244172,49,1,12.0,3,1,1,Need Attention
38517726.1623544589,83,1,12.0,1,2,1,Hibernating
69662510.3193519179,87,1,12.0,1,3,1,At Risk
8606659.7522752353,90,1,12.0,1,2,1,Hibernating
74338699.5616778994,17,1,12.0,5,4,1,Champions
32154989.6806202027,42,1,12.0,4,1,1,Need Attention
5982257.3675354568,66,1,12.0,2,4,1,Loyal Customers
30687601.7675908534,24,1,12.0,4,3,1,Potential Loyalists
1650778.5848737470,52,2,12.0,3,5,1,Loyal Customers
3361034.4507376856,11,1,12.0,5,1,1,Need Attention
3718073.8242589031,82,1,12.0,1,3,1,At Risk
64149999.5594434074,12,1,12.0,5,4,1,Champions
67748708.7656271112,57,1,12.0,3,4,1,Loyal Customers
6374509.0554738373,67,1,12.0,2,4,1,Loyal Customers
65083326.2702378833,63,1,12.0,2,4,1,Loyal Customers
8145084.5899177058,83,1,12.0,1,4,1,Loyal Customers
8360772.3122902941,60,1,12.0,2,4,1,Loyal Customers
75172123.3799021217,13,1,12.0,5,1,1,Need Attention
6918448.4186180278,38,1,11.0,4,1,1,Need Attention
1382276.2000605067,37,1,11.0,4,1,1,Need Attention
7597932.2397600441,52,1,11.0,3,5,1,Loyal Customers
59643921.1694992453,28,1,11.0,4,4,1,Champions
44227277.9722264913,41,1,11.0,4,3,1,Potential Loyalists
34598529.4237983059,15,1,11.0,5,2,1,Potential Loyalists
86121936.2933288658,11,1,11.0,5,4,1,Champions
39355591.8399830036,63,1,11.0,2,4,1,Loyal Customers
7862002.2519400746,55,1,11.0,3,4,1,Loyal Customers
17457644.0722062090,87,1,11.0,1,3,1,At Risk
3662209.5712951495,90,1,11.0,1,3,1,At Risk
46273316.9937478779,20,1,11.0,5,3,1,Potential Loyalists
70711300.6204864553,90,1,11.0,1,1,1,Hibernating
27333015.4039048206,20,1,11.0,5,3,1,Potential Loyalists
8085870.4266766835,21,1,11.0,5,2,1,Potential Loyalists
51954044.7234105463,30,1,11.0,4,4,1,Champions
78207562.9231433824,28,1,11.0,4,1,1,Need Attention
16792960.6856169915,53,1,11.0,3,4,1,Loyal Customers
55795512.5087892606,86,1,11.0,1,2,1,Hibernating
31371338.9975214909,62,1,11.0,2,1,1,Hibernating
8094052.1003317980,40,1,11.0,4,2,1,Potential Loyalists
72884242.1035011217,47,1,11.0,4,4,1,Champions
30279612.0796589091,56,1,11.0,3,4,1,Loyal Customers
22569812.5704867046,51,1,11.0,3,3,1,Need Attention
44827519.0721046563,59,1,11.0,2,2,1,Hibernating
6366425.0368202562,52,1,11.0,3,4,1,Loyal Customers
8478040283.7405308990,47,1,10.0,4,3,1,Potential Loyalists
16477800.9247058873,84,1,10.0,1,3,1,At Risk
57736746.4807313510,6,1,10.0,5,2,1,Potential Loyalists
3453405.5986775605,11,1,10.0,5,1,1,Need Attention
6171433.4572198027,49,1,10.0,3,2,1,Need Attention
67050800.3768789367,54,1,10.0,3,2,1,Need Attention
8992560.0877088817,60,1,10.0,2,3,1,At Risk
63530640.3666612990,36,1,10.0,4,2,1,Potential Loyalists
20687527.9358545857,59,1,10.0,2,1,1,Hibernating
73317479.4306868663,32,1,10.0,4,3,1,Potential Loyalists
6311586.5449558547,85,1,10.0,1,4,1,Loyal Customers
2298178.8963133176,21,1,10.0,5,1,1,Need Attention
2346008.0354634581,52,1,10.0,3,4,1,Loyal Customers
24897047.2200127337,68,1,10.0,2,1,1,Hibernating
6964077.2220093169,41,1,10.0,4,2,1,Potential Loyalists
14297513.2705476236,91,1,10.0,1,4,1,Loyal Customers
73251245.3210161348,51,1,10.0,3,4,1,Loyal Customers
6427241.3275317189,51,1,10.0,3,1,1,Need Attention
1602466.3255340626,52,1,10.0,3,4,1,Loyal Customers
20292998.6728029825,12,1,10.0,5,3,1,Potential Loyalists
8808706.6279424881,6,1,10.0,5,4,1,Champions
54971191.9192770128,80,1,10.0,1,4,1,Loyal Customers
89722190.8281663787,51,1,10.0,3,2,1,Need Attention
7738401.2659078427,46,1,10.0,4,1,1,Need Attention
11324968.3542327533,82,1,10.0,1,3,1,At Risk
15903616.8819952603,75,1,10.0,1,2,1,Hibernating
78364891.2854111719,51,1,10.0,3,2,1,Need Attention
80690641.6797441583,54,1,10.0,3,4,1,Loyal Customers
1270280.9040724429,86,1,10.0,1,3,1,At Risk
81574425.5434958788,35,1,10.0,4,5,1,Champions
53263817.5868509099,80,1,10.0,1,3,1,At Risk
24202040.2600884676,9,1,10.0,5,2,1,Potential Loyalists
37639821.8285333587,12,1,10.0,5,2,1,Potential Loyalists
4618534.6319990306,84,1,10.0,1,2,1,Hibernating
10211474.7929477742,45,1,10.0,4,3,1,Potential Loyalists
8182020.1465119607,53,1,10.0,3,3,1,Need Attention
73713109.3868001160,16,1,10.0,5,4,1,Champions
4141515.9985248683,35,2,8.0,4,5,1,Champions
75336556.8734149504,25,1,8.0,4,1,1,Need Attention
45089539.3509396620,66,1,8.0,2,1,1,Hibernating
8692137.5304436767,53,1,8.0,3,1,1,Need Attention
90939360.3504532010,52,1,8.0,3,2,1,Need Attention
1202924.2970944481,82,1,8.0,1,1,1,Hibernating
44589429.9068358520,53,1,8.0,3,3,1,Need Attention
2644910.8341124073,39,1,8.0,4,3,1,Potential Loyalists
37953752.8813178816,51,1,8.0,3,3,1,Need Attention
16530829.9078909117,9,1,8.0,5,3,1,Potential Loyalists
62352188.0721262860,63,1,8.0,2,2,1,Hibernating
41365261.9493282861,56,1,8.0,3,2,1,Need Attention
89270935.6212519018,56,1,8.0,3,2,1,Need Attention
6436495.4831121763,23,1,8.0,4,3,1,Potential Loyalists
50683324.7270306410,9,1,8.0,5,4,1,Champions
17663569.1229629383,81,1,8.0,1,3,1,At Risk
5311007.5669893427,41,1,8.0,4,1,1,Need Attention
75832834.9618965919,82,1,7.0,1,3,1,At Risk
2428522809.5367733841,62,1,7.0,2,1,1,Hibernating
11945447.0918586260,44,1,7.0,4,3,1,Potential Loyalists
1055969.5872512303,30,1,7.0,4,3,1,Potential Loyalists
87866076.0273401847,57,1,7.0,3,3,1,Need Attention
6135662.0853737840,37,1,7.0,4,1,1,Need Attention
24851076.8537081033,76,1,7.0,1,2,1,Hibernating
7833704.5580277942,46,1,7.0,4,4,1,Champions
5961617.0404314603,50,1,7.0,3,4,1,Loyal Customers
45515994.4994616672,48,1,7.0,4,2,1,Potential Loyalists
6429413943.0975708335,63,1,7.0,2,1,1,Hibernating
73986057.2041280748,21,1,7.0,5,3,1,Potential Loyalists
39863558.9837366701,60,1,7.0,2,3,1,At Risk
87037606.3003629319,33,1,6.0,4,4,1,Champions
6266299.1262642458,24,1,6.0,4,4,1,Champions
31877872.8352061999,48,1,6.0,3,2,1,Need Attention
4186566475.6049578820,42,1,6.0,4,5,1,Champions
8487535.9891736468,48,1,6.0,4,1,1,Need Attention
3204923446.0487126458,51,1,6.0,3,1,1,Need Attention
9004033.5064832188,68,1,6.0,2,1,1,Hibernating
34116301.2167862940,9,1,6.0,5,1,1,Need Attention
52894872.0536016864,40,1,6.0,4,2,1,Potential Loyalists
2372140.2300669362,66,1,6.0,2,2,1,Hibernating
6115983.2241878817,27,1,6.0,4,5,1,Champions
4295503.4410846501,80,1,6.0,1,1,1,Hibernating
4650505.5425107709,77,1,6.0,1,1,1,Hibernating
8957437.5212346812,50,1,6.0,3,1,1,Need Attention
31417474.8321346201,7,1,5.0,5,3,1,Potential Loyalists
7354267.9958333376,58,1,5.0,2,3,1,At Risk
1278360068.4465103378,24,1,5.0,4,1,1,Need Attention
53286533.3814661403,3,1,5.0,5,1,1,Need Attention
8016178.0613025896,75,1,5.0,1,3,1,At Risk
41434088.5731372054,75,1,5.0,1,3,1,At Risk
1461470.1796917150,14,1,5.0,5,2,1,Potential Loyalists
64369991.1110095428,5,1,5.0,5,3,1,Potential Loyalists
76327181.8386187810,55,1,5.0,3,3,1,Need Attention
3560826.6054676225,69,1,5.0,2,1,1,Hibernating
5222739.2906073787,15,1,5.0,5,3,1,Potential Loyalists
1147529.6357293919,88,1,4.0,1,2,1,Hibernating
68848831.9499415626,4,1,4.0,5,4,1,Champions
5913248.4085121546,3,1,4.0,5,1,1,Need Attention
3296353.3679123615,62,1,4.0,2,4,1,Loyal Customers
4915314.7588707209,36,1,4.0,4,4,1,Champions
35099940.6327075444,51,1,4.0,3,4,1,Loyal Customers
3171793.2248385078,86,1,4.0,1,1,1,Hibernating
92543812.4801771743,51,1,3.0,3,2,1,Need Attention
4853857.3181516287,55,1,3.0,3,3,1,Need Attention
75317932.0666442596,84,1,3.0,1,1,1,Hibernating
14107430.8136146352,60,1,3.0,2,3,1,At Risk
57342905.1174047056,17,1,3.0,5,1,1,Need Attention
50121199.4323445332,63,1,3.0,2,3,1,At Risk
22300841.9909876299,29,1,2.0,4,2,1,Potential Loyalists
4268698.4893393516,69,1,2.0,2,1,1,Hibernating
2474293.7483038472,82,1,1.0,1,2,1,Hibernating
8079006.6650182195,12,1,0.0,5,5,1,Champions
7260075.8826197757,12,1,0.0,5,4,1,Champions
5712045.3025454350,9,1,0.0,5,1,1,Need Attention
73813216.5798834088,48,1,0.0,4,1,1,Need Attention
48117822.0979250402,3,1,0.0,5,1,1,Need Attention
72669904.7639979358,6,1,0.0,5,2,1,Potential Loyalists
88929019.3402896993,6,1,0.0,5,3,1,Potential Loyalists
1255130.2864074728,3,1,0.0,5,1,1,Need Attention
88267963.6455731174,71,1,0.0,1,4,1,Loyal Customers
60952845.2415737283,25,1,0.0,4,3,1,Potential Loyalists
49767223.5352585859,6,1,0.0,5,3,1,Potential Loyalists
4782127.8379477531,73,1,0.0,1,4,1,Loyal Customers
8306051.0147360081,2,1,0.0,5,1,1,Need Attention
18469821.5170103104,67,1,0.0,2,1,1,Hibernating
3027032.3904917454,5,1,0.0,5,1,1,Need Attention
89081962.5580181371,3,1,0.0,5,3,1,Potential Loyalists
64087102.2456314175,73,1,0.0,1,3,1,At Risk
71247574.5829601913,51,1,0.0,3,4,1,Loyal Customers
35032140.6046092795,58,1,0.0,2,3,1,At Risk
2956449.1484352954,3,1,0.0,5,4,1,Champions
15915162.6155014117,62,1,0.0,2,3,1,At Risk
5240053.0256089240,41,1,0.0,4,1,1,Need Attention
77640762.1622931913,21,1,0.0,5,1,1,Need Attention
63060678.6269508391,5,1,0.0,5,2,1,Potential Loyalists
7195975.1014288023,5,1,0.0,5,1,1,Need Attention
84323891.4564966445,4,1,0.0,5,4,1,Champions
85143797.2924753997,4,1,0.0,5,2,1,Potential Loyalists
60380275.2147201126,1,1,0.0,5,2,1,Potential Loyalists
27488559.4267170544,2,2,0.0,5,5,1,Champions
91541812.0825246466,58,1,0.0,3,2,1,Need Attention
57031563.5866097136,5,1,0.0,5,5,1,Champions
51270177.6841667595,74,1,0.0,1,2,1,Hibernating
8319554.3205297084,61,1,0.0,2,1,1,Hibernating
81702179.6343090113,5,1,0.0,5,2,1,Potential Loyalists
41786391.2766491024,6,1,0.0,5,4,1,Champions
19659840.7317618179,5,1,0.0,5,3,1,Potential Loyalists
6520237.9251627744,61,1,0.0,2,3,1,At Risk
42447971.3619447200,15,1,0.0,5,2,1,Potential Loyalists
15980073.3222059333,73,1,0.0,1,1,1,Hibernating
53159985.2898572560,65,1,0.0,2,2,1,Hibernating
68643486.2549022413,73,1,0.0,1,4,1,Loyal Customers
1396855.2660738879,50,1,0.0,3,2,1,Need Attention
1540308157.4120074434,53,1,0.0,3,2,1,Need Attention
7385163302.4274482131,17,1,0.0,5,3,1,Potential Loyalists
5450574.2922754541,3,1,0.0,5,3,1,Potential Loyalists
8634838.1458470051,49,1,0.0,3,3,1,Need Attention
3555628.5886474906,62,1,0.0,2,4,1,Loyal Customers
76034714.5172119749,55,1,0.0,3,4,1,Loyal Customers
1894983799.0934918731,6,1,0.0,5,5,1,Champions
39238804.4841294487,4,1,0.0,5,3,1,Potential Loyalists
16936939.1851914312,12,1,0.0,5,3,1,Potential Loyalists
64153722.8541983540,6,1,0.0,5,2,1,Potential Loyalists
36921495.1660009263,73,1,0.0,1,1,1,Hibernating
22030162.5005043943,5,1,0.0,5,3,1,Potential Loyalists
81895141.9085714245,4,3,0.0,5,5,1,Champions
83964223.5390116210,7,1,0.0,5,4,1,Champions
26435169.9586592708,3,1,0.0,5,5,1,Champions
5568834.0198043803,49,1,0.0,3,2,1,Need Attention
24372566.3302802100,64,1,0.0,2,4,1,Loyal Customers
9196917.7838219956,3,1,0.0,5,4,1,Champions
6381676.9878308533,2,1,0.0,5,3,1,Potential Loyalists
6694500.7189590303,4,1,0.0,5,2,1,Potential Loyalists
54824213.8140196606,1,1,0.0,5,1,1,Need Attention
56499542.2196405586,4,1,0.0,5,4,1,Champions
6693276.6476626939,3,1,0.0,5,2,1,Potential Loyalists
1617434.1535145542,1,2,0.0,5,5,1,Champions
3577198.3654081165,2,3,0.0,5,5,1,Champions
1676350.1289757682,12,1,0.0,5,3,1,Potential Loyalists
3035721.7488676576,62,1,0.0,2,4,1,Loyal Customers
7707718.4049090286,3,1,0.0,5,2,1,Potential Loyalists
56455488.8645523099,67,1,0.0,2,1,1,Hibernating
48339324.0547985746,2,1,0.0,5,4,1,Champions
82699111.6908590067,5,1,0.0,5,1,1,Need Attention
91426655.5769251767,3,1,0.0,5,2,1,Potential Loyalists
51345641.6074784926,3,1,0.0,5,4,1,Champions
42832162.1664847488,12,1,0.0,5,1,1,Need Attention
1193142.8603592229,4,1,0.0,5,3,1,Potential Loyalists
80598518.3764258754,75,1,0.0,1,2,1,Hibernating
4468568788.4278721883,5,1,0.0,5,1,1,Need Attention
7905031.0128114009,5,1,0.0,5,3,1,Potential Loyalists
54509774.5004364309,6,1,0.0,5,3,1,Potential Loyalists
14058582.9385029369,6,1,0.0,5,2,1,Potential Loyalists
90691089.7887427562,5,1,0.0,5,3,1,Potential Loyalists
1631937.5426151197,4,1,0.0,5,4,1,Champions
5928479.2791170847,7,1,0.0,5,3,1,Potential Loyalists
5030691.8350193553,3,1,0.0,5,3,1,Potential Loyalists
6280831.3394929997,44,1,0.0,4,2,1,Potential Loyalists
39214432.1935349913,27,1,0.0,4,1,1,Need Attention
1926248.7653564587,3,1,0.0,5,1,1,Need Attention
40634293.9427059845,4,1,0.0,5,3,1,Potential Loyalists
63037540.6013143839,61,1,0.0,2,2,1,Hibernating
3491526.3640223848,33,1,0.0,4,2,1,Potential Loyalists
73549247.9231269047,4,1,0.0,5,3,1,Potential Loyalists
11080044.8197718586,73,1,0.0,1,1,1,Hibernating
3234619280.3826964566,4,1,0.0,5,1,1,Need Attention
7276398.7783138372,62,1,0.0,2,5,1,Loyal Customers
83031858.8235009982,24,1,0.0,4,2,1,Potential Loyalists
3200576.6010249056,2,1,0.0,5,4,1,Champions
9018980.6087099719,4,1,0.0,5,2,1,Potential Loyalists
34851151.7805288077,5,1,0.0,5,4,1,Champions
5746969.2137483525,6,1,0.0,5,4,1,Champions
13910378.6069465786,5,1,0.0,5,3,1,Potential Loyalists
75944030.6096345651,50,1,0.0,3,1,1,Need Attention
5984221.3457089159,3,1,0.0,5,2,1,Potential Loyalists
86953811.9568548667,25,1,0.0,4,2,1,Potential Loyalists
1961488.2199808567,56,1,0.0,3,3,1,Need Attention
70947919.9290448682,53,1,0.0,3,1,1,Need Attention
1086662.7438464093,46,1,0.0,4,2,1,Potential Loyalists
79194354.8403749496,5,1,0.0,5,3,1,Potential Loyalists
2542556.2097295973,3,1,0.0,5,3,1,Potential Loyalists
2697787.2422183099,72,1,0.0,1,2,1,Hibernating
6672674.0987533825,3,1,0.0,5,3,1,Potential Loyalists
6596652961.1677282072,18,1,0.0,5,3,1,Potential Loyalists
66894374.1631079804,62,1,0.0,2,3,1,At Risk
55916158.1192891856,1,1,0.0,5,1,1,Need Attention
59672683.7376655514,4,2,0.0,5,5,1,Champions
72491659.8341700565,74,1,0.0,1,4,1,Loyal Customers
7024208.9401929141,3,1,0.0,5,4,1,Champions
4635048.9350683408,4,1,0.0,5,2,1,Potential Loyalists
8846133.3726396176,5,1,0.0,5,2,1,Potential Loyalists
6759360.4764720830,65,1,0.0,2,4,1,Loyal Customers
63540408.3343349344,48,1,0.0,4,1,1,Need Attention
42486280.7395375883,5,1,0.0,5,4,1,Champions
68353186.1371180413,52,1,0.0,3,1,1,Need Attention
5171848.5405961032,4,1,0.0,5,4,1,Champions
34647657.3187094415,4,1,0.0,5,2,1,Potential Loyalists
91529880.6749765308,73,1,0.0,1,4,1,Loyal Customers
4389831.8508135471,4,1,0.0,5,3,1,Potential Loyalists
55601747.6727525025,74,1,0.0,1,3,1,At Risk
56840968.3563409774,63,1,0.0,2,4,1,Loyal Customers
48568013.6801171570,9,1,0.0,5,2,1,Potential Loyalists
9496678.6298237945,6,1,0.0,5,3,1,Potential Loyalists
2105240618.0152869707,70,1,0.0,1,2,1,Hibernating
85093126.5834572152,3,2,0.0,5,5,1,Champions
18359797.6054953015,59,1,0.0,2,4,1,Loyal Customers
4177189.8300997361,4,1,0.0,5,1,1,Need Attention
2817905.8623001125,56,1,0.0,3,3,1,Need Attention
8015042.5369619169,56,1,0.0,3,4,1,Loyal Customers
4421752900.1361018322,4,1,0.0,5,2,1,Potential Loyalists
4245089.1378545302,15,1,0.0,5,2,1,Potential Loyalists
4181698.3900917982,62,1,0.0,2,1,1,Hibernating
10821383.9460228023,4,1,0.0,5,2,1,Potential Loyalists
55013435.8650490579,56,1,0.0,3,4,1,Loyal Customers
7900243.6096503066,48,1,0.0,4,3,1,Potential Loyalists
4568620.3650859083,8,1,0.0,5,2,1,Potential Loyalists
70991146.6259919159,4,1,0.0,5,5,1,Champions
63215058.9209523148,12,1,0.0,5,2,1,Potential Loyalists
73574224.3287781006,4,1,0.0,5,2,1,Potential Loyalists
75627242.1231916491,66,1,0.0,2,2,1,Hibernating
13174020.7610093842,24,1,0.0,4,3,1,Potential Loyalists
1182904.1878354544,11,1,0.0,5,4,1,Champions
54696845.1905811411,18,2,0.0,5,5,1,Champions
91491167.7086909916,1,1,0.0,5,3,1,Potential Loyalists
1423291.2795508012,66,1,0.0,2,1,1,Hibernating
3700821.9534517042,4,1,0.0,5,3,1,Potential Loyalists
4537895.5543332501,7,2,0.0,5,5,1,Champions
1980255.1350592440,12,1,0.0,5,4,1,Champions
71987837.5870418470,54,1,0.0,3,1,1,Need Attention
55069846.3105567454,63,1,0.0,2,1,1,Hibernating
5123007663.9429596553,2,2,0.0,5,5,1,Champions
40322346.7762887949,11,1,0.0,5,4,1,Champions
88068021.6446437503,51,1,0.0,3,2,1,Need Attention
13429550.1174612381,67,1,0.0,2,3,1,At Risk
2064040.6195727928,3,1,0.0,5,2,1,Potential Loyalists
5763685.3501321242,68,1,0.0,2,3,1,At Risk
5679613.3194532210,52,1,0.0,3,4,1,Loyal Customers
49394451.7466103154,74,1,0.0,1,1,1,Hibernating
5249976.9267752034,8,1,0.0,5,2,1,Potential Loyalists
38464629.8960208190,73,1,0.0,1,3,1,At Risk
5582053276.6336066826,2,1,0.0,5,2,1,Potential Loyalists
90269038.6613046003,66,1,0.0,2,3,1,At Risk
8294350.9338556445,10,2,0.0,5,5,1,Champions
8268852.4406584193,1,1,0.0,5,1,1,Need Attention
46391489.2740731594,19,1,0.0,5,2,1,Potential Loyalists
58513817.5467633362,3,1,0.0,5,2,1,Potential Loyalists
6099877.8106632683,45,1,0.0,4,4,1,Champions
70482486.1697864148,51,1,0.0,3,3,1,Need Attention
4921679.6988965991,73,1,0.0,1,1,1,Hibernating
67648046.0122401051,5,1,0.0,5,1,1,Need Attention
4696219.9403845023,1,1,0.0,5,3,1,Potential Loyalists
6212957.4551534885,4,1,0.0,5,4,1,Champions
34497430.3741988669,73,1,0.0,1,4,1,Loyal Customers
2298844.6958469404,6,1,0.0,5,4,1,Champions
6038543.2528906652,5,1,0.0,5,4,1,Champions
1146540.1921992520,4,1,0.0,5,2,1,Potential Loyalists
97011837.0071258497,59,1,0.0,2,2,1,Hibernating
2389776.2797114350,62,1,0.0,2,1,1,Hibernating
51628969.7180687785,62,1,0.0,2,3,1,At Risk
55104787.0224772643,2,1,0.0,5,5,1,Champions
76213920.5448983035,10,1,0.0,5,1,1,Need Attention
26193735.7015779746,4,1,0.0,5,1,1,Need Attention
25335884.4954821522,12,1,0.0,5,1,1,Need Attention
7680992.0250737738,4,1,0.0,5,3,1,Potential Loyalists
6608637449.3511166305,68,2,0.0,2,5,1,Loyal Customers
2522139.8383510968,3,1,0.0,5,2,1,Potential Loyalists
6300831.9870547117,4,1,0.0,5,3,1,Potential Loyalists
71569261.6020311131,4,1,0.0,5,3,1,Potential Loyalists
91746380.0623200645,2,1,0.0,5,1,1,Need Attention
31640172.6087660596,6,1,0.0,5,4,1,Champions
6331004.1538906239,1,1,0.0,5,4,1,Champions
49205717.2039918579,57,1,0.0,3,2,1,Need Attention
57586498.6941778356,10,1,0.0,5,2,1,Potential Loyalists
8091939.2583768564,62,1,0.0,2,3,1,At Risk
7888827.4446333663,3,1,0.0,5,1,1,Need Attention
38159965.0502320731,4,1,0.0,5,1,1,Need Attention
87577432.8152098260,38,1,0.0,4,4,1,Champions
40923418.8734148429,24,1,0.0,4,2,1,Potential Loyalists
5632809.7175073069,65,1,0.0,2,5,1,Loyal Customers
3909995.5535309633,5,1,0.0,5,2,1,Potential Loyalists
6801821.5367611951,1,2,0.0,5,5,1,Champions
2921448.2882892445,65,1,0.0,2,3,1,At Risk
74117980.4808634784,2,1,0.0,5,4,1,Champions
42546302.3184448201,6,1,0.0,5,3,1,Potential Loyalists
42338461.7796956245,4,1,0.0,5,5,1,Champions
21818790.8215652903,1,1,0.0,5,1,1,Need Attention
36235183.0593363981,3,1,0.0,5,2,1,Potential Loyalists
45257464.7895553819,66,1,0.0,2,4,1,Loyal Customers
5310673.5893788139,17,1,0.0,5,4,1,Champions
84278607.3791995324,1,1,0.0,5,4,1,Champions
25975919.8078802563,2,1,0.0,5,1,1,Need Attention
1857672.4962438871,10,1,0.0,5,1,1,Need Attention
3398472.6191412239,60,1,0.0,2,4,1,Loyal Customers
52031726.0385935363,5,1,0.0,5,4,1,Champions
43954182.0581034502,5,1,0.0,5,4,1,Champions
38693124.8629644455,41,1,0.0,4,3,1,Potential Loyalists
9202815833.2374673362,48,1,0.0,3,4,1,Loyal Customers
3599399.6686694108,6,1,0.0,5,2,1,Potential Loyalists
5458906.5297090085,2,1,0.0,5,4,1,Champions
31035575.9910731807,73,1,0.0,1,2,1,Hibernating
29537351.9278056723,7,1,0.0,5,4,1,Champions
8987240644.1901564457,3,2,0.0,5,5,1,Champions
2042831.7286537321,6,1,0.0,5,1,1,Need Attention
83275012.7274119616,6,1,0.0,5,3,1,Potential Loyalists
2081240.8078085855,4,1,0.0,5,1,1,Need Attention
77782985.0878230095,69,1,0.0,2,4,1,Loyal Customers
60304773.1030019476,35,1,0.0,4,2,1,Potential Loyalists
68008847.1017469833,7,1,0.0,5,3,1,Potential Loyalists
8753831.5083812467,14,1,0.0,5,4,1,Champions
4096423.2647740834,63,1,0.0,2,2,1,Hibernating
24471192.8543126263,5,1,0.0,5,3,1,Potential Loyalists
56920896.3476155826,82,2,0.0,1,5,1,Loyal Customers
65074529.5184314763,7,1,0.0,5,1,1,Need Attention
8774267.9963267787,2,1,0.0,5,2,1,Potential Loyalists
7808807.1210360176,4,1,0.0,5,2,1,Potential Loyalists
5107942.1768070238,3,1,0.0,5,3,1,Potential Loyalists
32216806.7712573450,4,1,0.0,5,2,1,Potential Loyalists
60843222.5171052038,23,1,0.0,4,1,1,Need Attention
68242526.6661845299,3,1,0.0,5,4,1,Champions
3972028.6546737895,3,1,0.0,5,3,1,Potential Loyalists
3262847.4906457278,5,1,0.0,5,3,1,Potential Loyalists
8533898109.8642223999,54,1,0.0,3,4,1,Loyal Customers
64920042.7172093895,1,3,0.0,5,5,1,Champions
4064825.9453243518,20,1,0.0,5,2,1,Potential Loyalists
64846097.2247732845,4,1,0.0,5,1,1,Need Attention
47392694.7102797688,18,1,0.0,5,1,1,Need Attention
5492322788.7993357688,10,1,0.0,5,1,1,Need Attention
50147423.8005628256,48,1,0.0,4,1,1,Need Attention
3064545.8757542181,4,1,0.0,5,2,1,Potential Loyalists
59478062.9287302152,5,1,0.0,5,1,1,Need Attention
3498330.7661176959,3,1,0.0,5,4,1,Champions
8571843.9058320381,6,2,0.0,5,5,1,Champions
6806152.5390581469,68,1,0.0,2,2,1,Hibernating
5318101.4795757171,1,1,0.0,5,2,1,Potential Loyalists
4821487.9933529006,16,1,0.0,5,4,1,Champions
67098567.0990511208,3,1,0.0,5,2,1,Potential Loyalists
3921051.5087440564,5,1,0.0,5,3,1,Potential Loyalists
7828968.5532093675,29,1,0.0,4,3,1,Potential Loyalists
35982193.4567496362,53,1,0.0,3,2,1,Need Attention
7646522.0396292431,6,1,0.0,5,2,1,Potential Loyalists
1640570.8880108249,5,1,0.0,5,3,1,Potential Loyalists
21872031.3119669682,65,1,0.0,2,2,1,Hibernating
8960547.1535128102,3,1,0.0,5,2,1,Potential Loyalists
91133314.4607314875,16,1,0.0,5,4,1,Champions
48751682.0323834062,33,14,0.0,4,5,1,Champions
3098302.0062773755,18,1,0.0,5,4,1,Champions
5028379.5646723836,71,1,0.0,1,2,1,Hibernating
8339273.2212652501,3,1,0.0,5,1,1,Need Attention
14361638.5543305287,12,1,0.0,5,1,1,Need Attention
2972054.4725264181,52,1,0.0,3,2,1,Need Attention
40037626.5183269370,17,1,0.0,5,3,1,Potential Loyalists
34317559.7148954604,5,1,0.0,5,5,1,Champions
7291397.6091074904,6,1,0.0,5,2,1,Potential Loyalists
6270498.6065284742,4,1,0.0,5,4,1,Champions
6814622.9266158770,4,1,0.0,5,3,1,Potential Loyalists
10702974.0923572591,2,1,0.0,5,3,1,Potential Loyalists
3545895.3677550306,12,1,0.0,5,1,1,Need Attention
55949516.0645110964,51,1,0.0,3,4,1,Loyal Customers
75625883.7002358699,60,1,0.0,2,1,1,Hibernating
58736558.6012465712,2,1,0.0,5,3,1,Potential Loyalists
22284421.8180471572,2,1,0.0,5,3,1,Potential Loyalists
62339222.8549151994,6,1,0.0,5,2,1,Potential Loyalists
21127466.2697319204,5,1,0.0,5,1,1,Need Attention
7796807.8643581431,73,1,0.0,1,1,1,Hibernating
39254981.9392319291,5,1,0.0,5,4,1,Champions
1362228.4966015575,4,1,0.0,5,1,1,Need Attention
8563529.8876681695,65,1,0.0,2,4,1,Loyal Customers
5653281.3232341158,48,1,0.0,3,4,1,Loyal Customers
4598956.2090906849,41,1,0.0,4,1,1,Need Attention
4549721.1046295320,4,1,0.0,5,3,1,Potential Loyalists
88553552.9857813021,65,1,0.0,2,2,1,Hibernating
63463333.0717368050,3,3,0.0,5,5,1,Champions
73111349.9152668013,42,1,0.0,4,3,1,Potential Loyalists
12422651.1912052672,59,1,0.0,2,1,1,Hibernating
7745302.0653249489,4,1,0.0,5,4,1,Champions
6287569.1869835147,3,1,0.0,5,4,1,Champions
7296845.4997447007,30,1,0.0,4,2,1,Potential Loyalists
4373935.5876236286,70,1,0.0,1,3,1,At Risk
62991524.4066296592,64,1,0.0,2,1,1,Hibernating
88126277.5389735832,4,12,0.0,5,5,1,Champions
38040264.0856638527,4,1,0.0,5,4,1,Champions
3268862.3173694017,2,1,0.0,5,1,1,Need Attention
72114822.2913147040,4,1,0.0,5,2,1,Potential Loyalists
7824704.2819260765,62,1,0.0,2,3,1,At Risk
3860235.7790628928,4,1,0.0,5,3,1,Potential Loyalists
5815923.3776683046,4,1,0.0,5,3,1,Potential Loyalists
1853643.3428383635,6,1,0.0,5,1,1,Need Attention
37373345.2187889953,3,1,0.0,5,2,1,Potential Loyalists
56971593.6553626620,5,2,0.0,5,5,1,Champions
2465265.7243532891,1,1,0.0,5,3,1,Potential Loyalists
3440200.0404717067,3,1,0.0,5,3,1,Potential Loyalists
69445303.0389577060,2,1,0.0,5,5,1,Champions
19963687.0354504348,5,1,0.0,5,1,1,Need Attention
67115901.4020608908,3,1,0.0,5,4,1,Champions
47629981.2636166951,70,1,0.0,1,2,1,Hibernating
47643991.6432442348,49,1,0.0,3,1,1,Need Attention
77996608.4384679865,25,1,0.0,4,2,1,Potential Loyalists
44950827.3051148703,3,1,0.0,5,1,1,Need Attention
13309292.1735139529,50,1,0.0,3,3,1,Need Attention
3359780.0151704328,43,1,0.0,4,4,1,Champions
3398888.3003961025,74,1,0.0,1,1,1,Hibernating
8571652.3249012608,60,1,0.0,2,2,1,Hibernating
41741661.3891662437,4,1,0.0,5,5,1,Champions
26216251.4730699691,13,1,0.0,5,2,1,Potential Loyalists
25559255.0473451895,6,1,0.0,5,4,1,Champions
2118084278.6088055731,17,1,0.0,5,2,1,Potential Loyalists
30091999.6062128760,49,1,0.0,3,1,1,Need Attention
6847380.6532537312,4,1,0.0,5,4,1,Champions
7030074.3251588489,50,1,0.0,3,2,1,Need Attention
4481070.1047655441,4,1,0.0,5,3,1,Potential Loyalists
68904009.7671612246,2,1,0.0,5,3,1,Potential Loyalists
88282080.9608017775,3,1,0.0,5,1,1,Need Attention
64415751.8833284088,2,1,0.0,5,3,1,Potential Loyalists
57726778.6402449716,3,1,0.0,5,2,1,Potential Loyalists
50628919.2386697155,3,1,0.0,5,3,1,Potential Loyalists
6685656.2124394276,2,1,0.0,5,4,1,Champions
10218055.9834759550,3,1,0.0,5,4,1,Champions
8587174.3590024716,61,1,0.0,2,3,1,At Risk
55323533.7926126864,1,1,0.0,5,4,1,Champions
5889675.3540208860,3,1,0.0,5,4,1,Champions
1559930.7416565217,3,1,0.0,5,4,1,Champions
17270185.4245519703,54,1,0.0,3,4,1,Loyal Customers
22747613.6306010094,6,1,0.0,5,4,1,Champions
34884118.9026294714,13,2,0.0,5,5,1,Champions
